Datetime,alpha_score,signal,strategy_return,cumulative_strategy_return,buy_and_hold
2023-07-03 09:00:00,0.0,0,,,
2023-07-03 10:00:00,0.0,0,0.0,1.0,1.000554887635254
2023-07-03 11:00:00,0.0,0,0.0,1.0,1.0018496254508462
2023-07-03 12:00:00,0.0,0,-0.0,1.0,1.0012947378155923
2023-07-03 13:00:00,0.0,0,0.0,1.0,1.0013872190881346
2023-07-03 15:00:00,0.0005548876352539089,0,0.0,1.0,1.0013872190881346
2023-07-05 09:00:00,0.0026619835474628317,0,0.0,1.0,1.0072135392583
2023-07-05 10:00:00,-0.0010338779654758491,0,-0.0,1.0,0.9992601498196613
2023-07-05 11:00:00,-0.0005541701302299362,0,0.0,1.0,0.9999075187274576
2023-07-05 12:00:00,-0.0012486900428185788,0,-0.0,1.0,0.9995375936372883
2023-07-05 13:00:00,-0.1969606548228499,-1,0.0,1.0,1.003329325811523
2023-07-05 14:00:00,-0.07783246508901362,0,0.0014747903032537035,1.0014747903032537,1.001849625450846
2023-07-05 15:00:00,0.6000585124700022,1,0.0,1.0014747903032537,1.0047165448996578
2023-07-06 09:00:00,0.0011279385690716516,0,-0.0076399116347569684,0.9938236114009,0.9970405992786461
2023-07-06 10:00:00,-0.282203049275171,-1,-0.0,0.9938236114009,0.990196985110515
2023-07-06 11:00:00,-0.2467477130658658,-1,-0.0029886989819745136,0.9908533717852439,0.993156385831869
2023-07-06 12:00:00,-0.14992966627844706,0,-0.0033522674364465654,0.987531766292715,0.9964857116433922
2023-07-06 13:00:00,-0.04729880115039847,0,-0.0,0.987531766292715,0.9961157865532229
2023-07-06 14:00:00,-0.01709515068879024,0,0.0,0.987531766292715,0.9973180430962729
2023-07-06 15:00:00,1.0187474800300766,1,-0.0,0.987531766292715,0.9927864607416996
2023-07-07 09:00:00,0.3436949556714698,0,0.0059618071727991495,0.9934192402603659,0.9987052621844074
2023-07-07 10:00:00,0.037946582208825005,0,-0.0,0.9934192402603659,0.9985202996393228
2023-07-07 11:00:00,-0.18347555336639895,-1,0.0,0.9934192402603659,1.000369925090169
2023-07-07 12:00:00,-0.057982637485010285,0,-0.002496070999352895,0.9909395953045528,1.0028669194488113
2023-07-07 13:00:00,0.02060571900994501,0,0.0,0.9909395953045528,1.0051789512623692
2023-07-07 14:00:00,-0.10136970257436204,0,-0.0,0.9909395953045528,1.003051881993896
2023-07-07 15:00:00,0.7482458086141547,1,-0.0,0.9909395953045528,1.0013872190881346
2023-07-10 09:00:00,0.3647087190080155,0,0.010251200591060217,1.0010979158696438,1.011652640340331
2023-07-10 10:00:00,0.1549258362441218,0,0.0,1.0010979158696438,1.015536853787108
2023-07-10 11:00:00,-0.18459414268194724,-1,0.0,1.0010979158696438,1.0170165541477847
2023-07-10 12:00:00,-0.12536920064864418,0,-0.001000272801673141,1.0000965448525878,1.01803384814575
2023-07-10 13:00:00,-0.0406006089650051,0,-0.0,1.0000965448525878,1.0179413668732076
2023-07-10 14:00:00,0.08222746493714946,0,0.0,1.0000965448525878,1.0221030241376117
2023-07-10 15:00:00,0.39936874784252757,0,0.0,1.0000965448525878,1.0222879866826964
2023-07-11 09:00:00,0.1842274937843194,0,0.0,1.0000965448525878,1.0246924997687965
2023-07-11 10:00:00,0.1271777068250336,0,-0.0,1.0000965448525878,1.0213631739572733
2023-07-11 11:00:00,-0.25319430054870745,-1,0.0,1.0000965448525878,1.0261722001294733
2023-07-11 12:00:00,-0.15864642468924692,0,-0.0004506128334536008,0.9996458885147846,1.026634606492185
2023-07-11 13:00:00,-0.1391022366992708,0,0.0,0.9996458885147846,1.0270045315823542
2023-07-11 14:00:00,-0.13392140755226087,0,0.0,0.9996458885147846,1.0298714510311657
2023-07-11 15:00:00,1.2497186396382773,1,-0.0,0.9996458885147846,1.0285767132155734
2023-07-12 09:00:00,0.39910369050322025,0,0.0045855062039201755,1.0042297709382926,1.0332932581152312
2023-07-12 10:00:00,0.04716182269935994,0,0.0,1.0042297709382926,1.0346804772033658
2023-07-12 11:00:00,-0.21715991853142838,-1,-0.0,1.0042297709382926,1.0289466383057426
2023-07-12 12:00:00,-0.16728014415156253,0,0.0008987956138775122,1.0051323682517372,1.0280218255803195
2023-07-12 13:00:00,-0.04838436137626829,0,0.0,1.0051323682517372,1.0290391195782849
2023-07-12 14:00:00,0.1449713648963463,0,-0.0,1.0051323682517372,1.0283917506704887
2023-07-12 15:00:00,0.8465666392551509,1,0.0,1.0051323682517372,1.0285767132155732
2023-07-13 09:00:00,0.23403549480592337,0,0.004405682431217306,1.0095606622675917,1.0331082955701463
2023-07-13 10:00:00,-0.003513958935112282,0,-0.0,1.0095606622675917,1.0288541570332002
2023-07-13 11:00:00,-0.27220712206090514,-1,0.0,1.0095606622675917,1.0301488948487925
2023-07-13 12:00:00,-0.21916651082235544,-1,-0.000269323996768156,1.0092887633550498,1.0304263386664194
2023-07-13 13:00:00,-0.23045629222715064,-1,-0.0003590019745107753,1.0089264266961537,1.0307962637565886
2023-07-13 14:00:00,-0.14817912941344766,0,0.0008971828458639308,1.0098316181789244,1.0298714510311655
2023-07-13 15:00:00,0.48161277753742937,1,-0.0,1.0098316181789244,1.029131600850827
2023-07-14 09:00:00,0.5914922831203242,1,-0.0008986340762041634,1.0089241490756005,1.028206788125404
2023-07-14 10:00:00,0.06904577126036378,0,-0.009309228278467474,0.9995318438561972,1.0186349764172749
2023-07-14 11:00:00,-0.24550270506901214,-1,0.0,0.9995318438561972,1.0193285859613423
2023-07-14 12:00:00,-0.2033334580759599,-1,-0.003175467247323427,0.996357863223375,1.0225654305003231
2023-07-14 13:00:00,-0.01802255126131406,0,0.0020801302342406958,0.9984304173387893,1.02043836123185
2023-07-14 14:00:00,0.1685300525358501,0,0.0,0.9984304173387893,1.0205308425043922
2023-07-14 15:00:00,1.8289435035690267,1,-0.0,0.9984304173387893,1.0202533986867652
2023-07-17 09:00:00,1.2218808050618382,1,0.014321972443799957,1.0127299102629672,1.0348654397484502
2023-07-17 10:00:00,0.3322721687318788,0,-0.00428954423592498,1.00838576051385,1.0304263386664194
2023-07-17 11:00:00,-0.12893960775925367,0,0.0,1.00838576051385,1.0349579210209925
2023-07-17 12:00:00,-0.1887897500924444,-1,-0.0,1.00838576051385,1.0332007768426885
2023-07-17 13:00:00,-0.021972420773700062,0,-0.0007160759040458764,1.007663679768763,1.0339406270230271
2023-07-17 14:00:00,0.10956955127339746,0,0.0,1.007663679768763,1.035327846111162
2023-07-17 15:00:00,2.732246288537776,1,-0.0,1.007663679768763,1.0277443817626923
2023-07-18 09:00:00,0.23326713043385403,0,-0.0002699541078017287,1.0073916568191268,1.0274669379450654
2023-07-18 10:00:00,0.4394887048739258,1,0.0,1.0073916568191268,1.0319985202996387
2023-07-18 11:00:00,-0.23464361034289605,-1,-0.002957254234250417,1.00441254357645,1.0289466383057424
2023-07-18 12:00:00,-0.16962372926969588,0,0.0017077116663671843,1.006127790594961,1.0271894941274384
2023-07-18 13:00:00,-0.15210242921270628,0,-0.0,1.006127790594961,1.0246000184962538
2023-07-18 14:00:00,-0.10546122481527088,0,-0.0,1.006127790594961,1.0239526495884577
2023-07-18 15:00:00,0.973256306172657,1,0.0,1.006127790594961,1.0271894941274384
2023-07-19 09:00:00,0.3701933251665888,0,-0.012964796974880732,0.993083548059112,1.0138721908813457
2023-07-19 10:00:00,0.6945891074122069,1,-0.0,0.993083548059112,1.010080458707111
2023-07-19 11:00:00,-0.18628943501950676,-1,0.0005493499359092713,0.9936290984425908,1.010635346342365
2023-07-19 12:00:00,0.0029153575855710764,0,-0.0004575402635431658,0.9931744731230253,1.0110977527050764
2023-07-19 13:00:00,-0.029035479920846007,0,0.0,0.9931744731230253,1.012484971793211
2023-07-19 14:00:00,-0.026553877320180906,0,0.0,0.9931744731230253,1.0142421159715147
2023-07-19 15:00:00,0.9477376976590735,1,0.0,0.9931744731230253,1.0162767039674456
2023-07-20 09:00:00,0.3385116402866845,0,0.00891800891800898,1.0020316119314754,1.025339868676592
2023-07-20 10:00:00,0.22364726135793406,0,0.0,1.0020316119314754,1.0276519004901497
2023-07-20 11:00:00,-0.19523295455963724,-1,0.0,1.0020316119314754,1.032553407934892
2023-07-20 12:00:00,-0.0984162120400287,0,-0.00017913121361390338,1.0018521167927505,1.0327383704799764
2023-07-20 13:00:00,-0.20865990956577263,-1,-0.0,1.0018521167927505,1.0300564135762493
2023-07-20 14:00:00,-0.09039365840849524,0,-0.0026934817741066652,0.999153646375819,1.0328308517525187
2023-07-20 15:00:00,0.7522018058102339,1,-0.0,0.999153646375819,1.028761675760657
2023-07-21 09:00:00,0.2750358155849129,0,-0.0014383315354188353,0.997716532177508,1.0272819753999802
2023-07-21 10:00:00,0.17005068089904984,0,0.0,0.997716532177508,1.0281143068528609
2023-07-21 11:00:00,-0.20896959902378368,-1,-0.0,0.997716532177508,1.0259872375843877
2023-07-21 12:00:00,-0.10685205486530197,0,0.0004506940688659977,0.99816619710097,1.0255248312216763
2023-07-21 13:00:00,-0.08439906274308716,0,-0.0,0.99816619710097,1.02127069268473
2023-07-21 14:00:00,-0.0005955349534347521,0,-0.0,0.99816619710097,1.0194210672338837
2023-07-21 15:00:00,1.003159370820049,1,0.0,0.99816619710097,1.020160917414222
2023-07-24 09:00:00,0.4841672993902224,1,-0.0001813072250929082,0.997985222357592,1.0199759548691374
2023-07-24 10:00:00,0.16847258212986332,0,0.0036268020672771684,1.0016047172251505,1.0236752057708298
2023-07-24 11:00:00,-0.19587254405868737,-1,0.0,1.0016047172251505,1.0249699435864221
2023-07-24 12:00:00,-0.11733030600622385,0,0.002977533158891932,1.004587028482791,1.021918061592526
2023-07-24 13:00:00,-0.050917743327173116,0,0.0,1.004587028482791,1.0223804679552375
2023-07-24 14:00:00,0.11877052018659857,0,-0.0,1.004587028482791,1.020993248867103
2023-07-24 15:00:00,1.1520802343723193,1,-0.0,1.004587028482791,1.0205308425043913
2023-07-25 09:00:00,3.1164553030708966,1,0.04068871771635707,1.0454623865062411,1.0620549338758885
2023-07-25 10:00:00,1.2669211135091432,1,0.021246952281434917,1.0676752759443744,1.084620364376212
2023-07-25 11:00:00,-0.05048892524366848,0,-0.004860163710777687,1.062486199313335,1.0793489318413003
2023-07-25 12:00:00,0.26636048317590116,0,0.0,1.062486199313335,1.0820308887450274
2023-07-25 13:00:00,0.1576623552132545,0,-0.0,1.062486199313335,1.0787015629335042
2023-07-25 14:00:00,0.1904087263741977,0,0.0,1.062486199313335,1.0813835198372312
2023-07-25 15:00:00,1.0693678671165001,1,0.0,1.062486199313335,1.0835105891057044
2023-07-26 09:00:00,1.2491126800085117,1,-0.01741208603618971,1.043986098198627,1.0646444095070733
2023-07-26 10:00:00,0.1608576115671405,0,-0.002953439888811693,1.0409027480128423,1.0615000462406348
2023-07-26 11:00:00,-0.20773271770843302,-1,-0.0,1.0409027480128423,1.05410154443725
2023-07-26 12:00:00,-0.2838692487762593,-1,0.002017897876820496,1.043003183458034,1.0519744751687767
2023-07-26 13:00:00,-0.24100461519407174,-1,-0.004483516483516636,1.0383268614926395,1.0566910200684347
2023-07-26 14:00:00,-0.1931443282944303,-1,-0.0005251181515839587,1.0377816172103926,1.0572459077036884
2023-07-26 15:00:00,0.1881108803052079,0,-0.0034989503149056578,1.034150470894051,1.0609451586053809
2023-07-27 09:00:00,0.038399932934161926,0,0.0,1.034150470894051,1.0815684823823162
2023-07-27 10:00:00,-0.06260399460990404,0,-0.0,1.034150470894051,1.073152686580966
2023-07-27 11:00:00,-0.23931189597438154,-1,-0.0,1.034150470894051,1.0727827614907968
2023-07-27 12:00:00,-0.2191935546913671,-1,-0.001551724137931032,1.0325457546461119,1.0744474243965583
2023-07-27 13:00:00,-0.11279856493286636,0,0.0005594766741264801,1.0331234399108047,1.073846296125033
2023-07-27 14:00:00,-0.005229102449157197,0,-0.0,1.0331234399108047,1.0701932858596117
2023-07-27 15:00:00,0.6689008327658348,1,-0.0,1.0331234399108047,1.067603810228427
2023-07-28 09:00:00,0.1313254743362088,0,-0.005024255024254964,1.0279327642771572,1.0622398964209732
2023-07-28 10:00:00,-0.18548587698771166,-1,0.0,1.0279327642771572,1.0627023027836848
2023-07-28 11:00:00,-0.2705901608456827,-1,0.0003480985118787805,1.0282905861427136,1.0623323776935156
2023-07-28 12:00:00,-0.21947563901852382,-1,-0.0014799338382518457,1.0267687841087252,1.0639045593267349
2023-07-28 13:00:00,-0.19204241812140027,-1,0.00408553546592505,1.0309636843915062,1.059557939517246
2023-07-28 14:00:00,-0.17505216768029994,0,-0.00043641441913244705,1.030513756974036,1.0600203458799577
2023-07-28 15:00:00,0.9688770052213753,1,-0.0,1.030513756974036,1.0576158327938576
2023-07-31 09:00:00,0.13825540906335007,0,0.0007869884575026909,1.0313247594060722,1.0584481642467385
2023-07-31 10:00:00,-0.12959805151106918,0,-0.0,1.0313247594060722,1.0580782391565693
2023-07-31 11:00:00,-0.2444378359970369,-1,0.0,1.0313247594060722,1.0584481642467385
2023-07-31 12:00:00,-0.20101552760119729,-1,0.001310615989515096,1.0326764301261326,1.0570609451586037
2023-07-31 13:00:00,0.0627855809480317,0,0.001224846894138265,1.0339413006442224,1.0557662073430114
2023-07-31 14:00:00,0.04735299595642432,0,-0.0,1.0339413006442224,1.053546656801996
2023-07-31 15:00:00,1.220110721572336,1,0.0,1.0339413006442224,1.0565985387958923
2023-08-01 09:00:00,0.3643174276717245,0,-0.003326039387308466,1.0305023711541148,1.0530842504392846
2023-08-01 10:00:00,1.0084934809116717,1,-0.0,1.0305023711541148,1.0422639415518342
2023-08-01 11:00:00,-0.2304907171565926,-1,-0.0020408163265306367,1.028399305090535,1.040136872283361
2023-08-01 12:00:00,-0.14593219325298734,0,-0.0015115141815595923,1.0268448649565844,1.0417090539165803
2023-08-01 13:00:00,0.06349999524774741,0,0.0,1.0268448649565844,1.0432812355497996
2023-08-01 14:00:00,0.09871097778602425,0,0.0,1.0268448649565844,1.045778229908442
2023-08-01 15:00:00,1.3290644840382313,1,0.0,1.0268448649565844,1.047257930269119
2023-08-02 09:00:00,0.43711897415524337,1,0.0011480042387850276,1.0280236872141293,1.0484601868121692
2023-08-02 10:00:00,0.15220927742872886,0,-0.004233924318602811,1.0236711127247338,1.0440210857301384
2023-08-02 11:00:00,-0.2024320624061154,-1,-0.0,1.0236711127247338,1.0414316100989536
2023-08-02 12:00:00,-0.06410324791511741,0,-0.0034632803481040586,1.0201258526771124,1.0450383797281035
2023-08-02 13:00:00,-0.196033481232672,-1,-0.0,1.0201258526771124,1.0427263479145459
2023-08-02 14:00:00,-0.12676453006082655,0,0.0029268292682926855,1.0231115868800698,1.0396744659206496
2023-08-02 15:00:00,1.1488857050656924,1,-0.0,1.0231115868800698,1.0354203273837033
2023-08-03 09:00:00,0.05480818678766886,0,0.0027688460164345674,1.0259444253217707,1.038287246832515
2023-08-03 10:00:00,-0.02354496779852539,0,-0.0,1.0259444253217707,1.036807546471838
2023-08-03 11:00:00,-0.21021918937669898,-1,0.0,1.0259444253217707,1.040645519282344
2023-08-03 12:00:00,-0.19815976006267194,-1,-0.005198844701177485,1.020610699582484,1.0460556737260691
2023-08-03 13:00:00,-0.1544841883177843,0,0.004685704181769945,1.0253929794054768,1.0411541662813266
2023-08-03 14:00:00,-0.1056214749084083,0,0.0,1.0253929794054768,1.0431887542772575
2023-08-03 15:00:00,0.4152841586323149,0,-0.0,1.0253929794054768,1.038842134467769
2023-08-04 09:00:00,0.24077374221583572,0,-0.0,1.0253929794054768,1.0351428835660768
2023-08-04 10:00:00,0.11851535540439088,0,0.0,1.0253929794054768,1.040599278646073
2023-08-04 11:00:00,-0.246588960778452,-1,0.0,1.0253929794054768,1.0479977804494576
2023-08-04 12:00:00,-0.1304524240225833,0,-0.0038828097423226904,1.021411573555332,1.0520669564413192
2023-08-04 13:00:00,-0.0733784233078161,0,-0.0,1.021411573555332,1.0488301119023382
2023-08-04 14:00:00,-0.059802352616627766,0,-0.0,1.021411573555332,1.0417090539165803
2023-08-04 15:00:00,2.1572530189910726,1,0.0,1.021411573555332,1.0456857486358995
2023-08-07 09:00:00,0.9165936666333098,1,0.00964004598921031,1.031258028098317,1.0557662073430114
2023-08-07 10:00:00,-0.038754634246472894,0,0.0031534688156973356,1.0345100681308625,1.0590955331545346
2023-08-07 11:00:00,-0.24113192656182245,-1,0.0,1.0345100681308625,1.061037639877923
2023-08-07 12:00:00,-0.18188214939057906,-1,8.716116098672622e-05,1.0346002372294534,1.0609451586053806
2023-08-07 13:00:00,-0.13669840628866506,0,-0.0019177126917713228,1.0326161712236088,1.0629797466013116
2023-08-07 14:00:00,-0.04260253203197784,0,-0.0,1.0326161712236088,1.0604827522426692
2023-08-07 15:00:00,0.7744657357234772,1,0.0,1.0326161712236088,1.0609451586053809
2023-08-08 09:00:00,0.2878259949014271,0,-0.0019177126917712117,1.0306359100863252,1.0589105706094502
2023-08-08 10:00:00,0.09295699656631,0,-0.0,1.0306359100863252,1.058263201701654
2023-08-08 11:00:00,-0.2633276592964873,-1,0.0,1.0306359100863252,1.059465458244704
2023-08-08 12:00:00,-0.11979375450498182,0,0.005935754189944187,1.0367535115079272,1.053176731711827
2023-08-08 13:00:00,0.22986773356118503,0,-0.0,1.0367535115079272,1.0470729677240347
2023-08-08 14:00:00,0.058693360154429594,0,0.0,1.0367535115079272,1.0532692129843695
2023-08-08 15:00:00,1.0274695993347247,1,-0.0,1.0367535115079272,1.0502173309904732
2023-08-09 09:00:00,0.36736726806240677,0,-0.0002641775272983482,1.036479624528839,1.0499398871728463
2023-08-09 10:00:00,-0.08452137068068312,0,-0.0,1.036479624528839,1.0467030426338655
2023-08-09 11:00:00,-0.20501379001054168,-1,-0.0,1.036479624528839,1.0377323591972614
2023-08-09 12:00:00,-0.19276671103928536,-1,-0.0033865074414045626,1.032969578567508,1.0412466475538693
2023-08-09 13:00:00,-0.12808920964296874,0,-0.003552713384847639,1.0292997337195908,1.0449458984555617
2023-08-09 14:00:00,-0.08229650126195852,0,-0.0,1.0292997337195908,1.042356422824377
2023-08-09 15:00:00,0.25557891879025757,0,-0.0,1.0292997337195908,1.0375473966521769
2023-08-10 09:00:00,0.34438571352624686,0,0.0,1.0292997337195908,1.060205308425043
2023-08-10 10:00:00,0.511707202076175,1,-0.0,1.0292997337195908,1.0546564320725043
2023-08-10 11:00:00,-0.14916554582072417,0,-0.0013153279551034736,1.027945867005649,1.0532692129843697
2023-08-10 12:00:00,-0.08185124075361354,0,-0.0,1.027945867005649,1.0491075557199656
2023-08-10 13:00:00,0.2709903301133468,0,-0.0,1.027945867005649,1.045963192453527
2023-08-10 14:00:00,0.21458654345188363,0,0.0,1.027945867005649,1.054286506982335
2023-08-10 15:00:00,1.0725019911661193,1,-0.0,1.027945867005649,1.050402293535558
2023-08-11 09:00:00,0.3358283094575339,0,0.0028173974291250126,1.0308419990486304,1.053361694256912
2023-08-11 10:00:00,0.5748077850928162,1,0.0,1.0308419990486304,1.0596504207897888
2023-08-11 11:00:00,-0.10001390008248477,0,0.00462558910804689,1.035610250571547,1.0645519282345313
2023-08-11 12:00:00,-0.1976653409012267,-1,-0.0,1.035610250571547,1.0616850087857197
2023-08-11 13:00:00,-0.15587683497300914,0,0.0013066202090591394,1.0369633998536527,1.0602977896975851
2023-08-11 14:00:00,-0.16989801330820625,0,0.0,1.0369633998536527,1.062702302783685
2023-08-11 15:00:00,0.4878510705484309,1,-0.0,1.0369633998536527,1.0600203458799582
2023-08-14 09:00:00,-0.03274178343162605,0,0.00017448961786770134,1.037144339201036,1.0602053084250427
2023-08-14 10:00:00,-0.07040416806955627,0,0.0,1.037144339201036,1.066216591140293
2023-08-14 11:00:00,-0.18029121326070338,-1,0.0,1.037144339201036,1.0700083233145277
2023-08-14 12:00:00,-0.005447702019332012,0,-0.0,1.037144339201036,1.0700083233145277
2023-08-14 13:00:00,-0.05942485736091529,0,0.0,1.037144339201036,1.07010080458707
2023-08-14 14:00:00,-0.1737680246049602,0,-0.0,1.037144339201036,1.065939147322666
2023-08-14 15:00:00,0.5779727403526742,1,0.0,1.037144339201036,1.0687135854989354
2023-08-15 09:00:00,0.3324673509731297,0,-0.012287988923502913,1.02439992104886,1.0555812447979274
2023-08-15 10:00:00,0.3323319256455562,0,-0.0,1.02439992104886,1.0499398871728465
2023-08-15 11:00:00,-0.18955884764551598,-1,0.0,1.02439992104886,1.055488763525385
2023-08-15 12:00:00,0.03605224336380301,0,-0.001752387628143337,1.0226047753009428,1.0573383889762311
2023-08-15 13:00:00,-0.1132334771122763,0,0.0,1.0226047753009428,1.0591417737908062
2023-08-15 14:00:00,-0.10614268273315719,0,-0.0,1.0226047753009428,1.0579857578840275
2023-08-15 15:00:00,0.5331965702291603,1,-0.0,1.0226047753009428,1.053084250439285
2023-08-16 09:00:00,0.17015402758070677,0,0.005708263809607317,1.0284420731313249,1.059095533154535
2023-08-16 10:00:00,0.20776824946838296,0,0.0,1.0284420731313249,1.0621474151484314
2023-08-16 11:00:00,-0.19466800455928882,-1,-0.0,1.0284420731313249,1.0607601960602968
2023-08-16 12:00:00,-0.14453037196711185,0,0.002789886660854446,1.0313113099526154,1.0578007953389428
2023-08-16 13:00:00,0.11122700913969556,0,-0.0,1.0313113099526154,1.0572459077036889
2023-08-16 14:00:00,-0.0036478040136226687,0,-0.0,1.0313113099526154,1.0571534264311466
2023-08-16 15:00:00,0.7741202041547602,1,-0.0,1.0313113099526154,1.0502173309904734
2023-08-17 09:00:00,0.297853885172522,0,0.0005283550545966964,1.0318562084960916,1.0507722186257273
2023-08-17 10:00:00,0.21370592118273948,0,-0.0,1.0318562084960916,1.0480902617220003
2023-08-17 11:00:00,-0.22429405920563233,-1,-0.0,1.0318562084960916,1.043836123185054
2023-08-17 12:00:00,-0.09505446904907447,0,0.0014175600248074183,1.033318926608605,1.042356422824377
2023-08-17 13:00:00,-0.06419270609866987,0,-0.0,1.033318926608605,1.0368075464718383
2023-08-17 14:00:00,-0.003886953383657233,0,-0.0,1.033318926608605,1.0325534079348921
2023-08-17 15:00:00,1.1969470282625854,1,-0.0,1.033318926608605,1.0260797188569304
2023-08-18 09:00:00,0.3822050457492086,0,-0.0033348355114917183,1.029872977957454,1.022657911772865
2023-08-18 10:00:00,0.025469968577128223,0,0.0,1.029872977957454,1.024137612133542
2023-08-18 11:00:00,-0.1894968647618129,-1,0.0,1.029872977957454,1.0308887450291306
2023-08-18 12:00:00,-0.1361503569463716,0,0.0005382614156275167,1.030427318844486,1.0303338573938767
2023-08-18 13:00:00,-0.07134844335119107,0,-0.0,1.030427318844486,1.0298714510311653
2023-08-18 14:00:00,0.0104677857991196,0,0.0,1.030427318844486,1.0328308517525193
2023-08-18 15:00:00,0.49309427400407807,1,0.0,1.030427318844486,1.0341255895681116
2023-08-21 09:00:00,0.09688361121769343,0,0.0029958862457521995,1.0335143618762594,1.037223712198279
2023-08-21 10:00:00,-0.08570032055493075,0,-0.0,1.0335143618762594,1.0314436326643845
2023-08-21 11:00:00,-0.25026388606400873,-1,-0.0,1.0335143618762594,1.0271894941274382
2023-08-21 12:00:00,-0.2472823737934749,-1,-0.005041865490231334,1.028303521481457,1.0323684453898074
2023-08-21 13:00:00,-0.16719354610873702,0,-0.00017916330735467945,1.028119287221584,1.0325534079348921
2023-08-21 14:00:00,-0.17307643265453876,0,0.0,1.028119287221584,1.0380098030148883
2023-08-21 15:00:00,0.30411377641040044,0,-0.0,1.028119287221584,1.036160177564042
2023-08-22 09:00:00,0.05057926721920665,0,0.0,1.028119287221584,1.0408767224636999
2023-08-22 10:00:00,-0.1282027774949816,0,-0.0,1.028119287221584,1.0347729584759076
2023-08-22 11:00:00,-0.24368898814910175,-1,-0.0,1.028119287221584,1.0295015259409959
2023-08-22 12:00:00,-0.12252048548983051,0,0.001886453467481064,1.0300587864159476,1.0275594192176074
2023-08-22 13:00:00,0.006852411516466382,0,-0.0,1.0300587864159476,1.0267270877647265
2023-08-22 14:00:00,0.011471422040239175,0,0.0,1.0300587864159476,1.0312586701192998
2023-08-22 15:00:00,1.0160711418566273,1,0.0,1.0300587864159476,1.0329233330250613
2023-08-23 09:00:00,0.4377754919633922,1,0.0034022741516697153,1.0335633287996708,1.036437621381669
2023-08-23 10:00:00,0.7797808299909089,1,0.007941465155706151,1.041771335961549,1.0446684546379346
2023-08-23 11:00:00,-0.09249143983924688,0,0.0003541076487252326,1.0421402351598357,1.0450383797281038
2023-08-23 12:00:00,-0.09047350663523192,0,-0.0,1.0421402351598357,1.0449458984555615
2023-08-23 13:00:00,-0.008508699586702773,0,0.0,1.0421402351598357,1.048922593174881
2023-08-23 14:00:00,0.10237338683649407,0,-0.0,1.0421402351598357,1.0464255988162385
2023-08-23 15:00:00,0.7028926356237706,1,0.0,1.0421402351598357,1.0494774808101348
2023-08-24 09:00:00,0.37824187924746977,0,0.0015861825872400814,1.0437932598543085,1.0511421437158965
2023-08-24 10:00:00,0.06975720377438456,0,-0.0,1.0437932598543085,1.0442985295477656
2023-08-24 11:00:00,-0.19356266988688672,-1,-0.0,1.0437932598543085,1.035142883566077
2023-08-24 12:00:00,-0.04296009264370571,0,-0.0029482712409540923,1.0407158742047784,1.038194765559973
2023-08-24 13:00:00,-0.1686688096925263,0,-0.0,1.0407158742047784,1.0366225839267538
2023-08-24 14:00:00,-0.049287225357728656,0,-0.0,1.0407158742047784,1.031351151391842
2023-08-24 15:00:00,1.2560488592416013,1,-0.0,1.0407158742047784,1.0269120503098113
2023-08-25 09:00:00,0.3876806633932832,0,0.00711455331412103,1.0481201027766605,1.0342180708406536
2023-08-25 10:00:00,0.1730183848731969,0,-0.0,1.0481201027766605,1.021178211412188
2023-08-25 11:00:00,-0.13215693523059124,0,0.0,1.0481201027766605,1.0265421252196418
2023-08-25 12:00:00,-0.184590530465692,-1,0.0,1.0481201027766605,1.033200776842688
2023-08-25 13:00:00,-0.03862804249782113,0,-0.001879699248120481,1.0461499522075313,1.0351428835660768
2023-08-25 14:00:00,-0.07312648379611464,0,0.0,1.0461499522075313,1.0369000277443807
2023-08-25 15:00:00,0.542445633087138,1,-0.0,1.0461499522075313,1.035512808656246
2023-08-28 09:00:00,0.13133027299816724,0,0.013932303295525639,1.0607252306342863,1.0499398871728465
2023-08-28 10:00:00,0.2593927087784977,0,0.0,1.0607252306342863,1.052529362804031
2023-08-28 11:00:00,-0.17103575747650573,0,-0.0,1.0607252306342863,1.0511421437158965
2023-08-28 12:00:00,-0.1556417005465988,0,0.0,1.0607252306342863,1.0541015444372506
2023-08-28 13:00:00,-0.11106868115096441,0,-0.0,1.0607252306342863,1.0492925182650503
2023-08-28 14:00:00,-0.19378369541185245,-1,0.0,1.0607252306342863,1.0518819938962352
2023-08-28 15:00:00,1.0563327669998135,1,-0.0019342359767891004,1.0586735377317056,1.0539165818921659
2023-08-29 09:00:00,0.4766240978582503,1,-0.007634257634257513,1.050591351194091,1.045870711180985
2023-08-29 10:00:00,0.49347026173169517,1,0.0018569281103544277,1.0525422238066184,1.0478128179043733
2023-08-29 11:00:00,-0.10178468519471214,0,0.008737864077670077,1.0617391946942494,1.0569684638860621
2023-08-29 12:00:00,0.02658358653537771,0,-0.0,1.0617391946942494,1.0562286137057235
2023-08-29 13:00:00,-0.11791492246373587,0,0.0,1.0617391946942494,1.060205308425043
2023-08-29 14:00:00,-0.0224184186390428,0,0.0,1.0617391946942494,1.0665865162304622
2023-08-29 15:00:00,1.7562851337085417,1,-0.0,1.0617391946942494,1.0664015536853777
2023-08-30 09:00:00,0.5224971259868779,1,0.0012141184632730173,1.0630282718537083,1.0676962915009702
2023-08-30 10:00:00,0.6509467928958195,1,-0.004937202252057182,1.0577798862759118,1.0624248589660585
2023-08-30 11:00:00,-0.17798620717727132,0,-0.0021761838440111925,1.0554779627768782,1.0601128271525007
2023-08-30 12:00:00,-0.13427328730801794,0,0.0,1.0554779627768782,1.0601128271525007
2023-08-30 13:00:00,-0.15915205665128046,0,-0.0,1.0554779627768782,1.0576158327938583
2023-08-30 14:00:00,-0.16953209624631424,0,0.0,1.0554779627768782,1.0615925275131777
2023-08-30 15:00:00,0.4331665596126102,0,-0.0,1.0554779627768782,1.0570609451586044
2023-08-31 09:00:00,0.05112939367702839,0,-0.0,1.0554779627768782,1.0554887635253851
2023-08-31 10:00:00,-0.14885460551295868,0,0.0,1.0554779627768782,1.0607601960602968
2023-08-31 11:00:00,-0.2451873029218024,-1,0.0,1.0554779627768782,1.0620549338758893
2023-08-31 12:00:00,-0.2487735081430653,-1,0.005137582723789613,1.0609005681237813,1.0565985387958932
2023-08-31 13:00:00,-0.15124616721002443,0,-0.001663019693654233,1.0591362695859825,1.058355682974197
2023-08-31 14:00:00,-0.13369638725415822,0,0.0,1.0591362695859825,1.061037639877924
2023-08-31 15:00:00,0.6941730438176372,1,-0.0,1.0591362695859825,1.0587256080643663
2023-09-01 09:00:00,0.13462434890054972,0,0.00017470300489175195,1.059321303874869,1.058910570609451
2023-09-01 10:00:00,-0.06440017623901728,0,-0.0,1.059321303874869,1.0557662073430125
2023-09-01 11:00:00,-0.25175777206679995,-1,-0.0,1.059321303874869,1.0517895126236934
2023-09-01 12:00:00,-0.21690543853982802,-1,-0.002989536621823552,1.0561544240426572,1.0549338758901319
2023-09-01 13:00:00,-0.08434057756967327,0,0.002629964057157874,1.0589320722166977,1.0521594377138626
2023-09-01 14:00:00,-0.017505078758960835,0,0.0,1.0589320722166977,1.0522519189864048
2023-09-01 15:00:00,1.5961575268789268,1,0.0,1.0589320722166977,1.0565985387958934
2023-09-05 09:00:00,0.4452741928725977,1,-0.008577680525164166,1.0498488912033728,1.047535374086747
2023-09-05 10:00:00,0.429437985749352,0,-0.0010594155557516194,1.0487366649568433,1.0464255988162394
2023-09-05 11:00:00,-0.22068219132026792,-1,0.0,1.0487366649568433,1.0498474059003047
2023-09-05 12:00:00,-0.15076213155140222,0,0.0029510218463706384,1.0518315097662208,1.0467492832701373
2023-09-05 13:00:00,0.01814478877752893,0,0.0,1.0518315097662208,1.0486451493572548
2023-09-05 14:00:00,-0.010011832330219315,0,-0.0,1.0518315097662208,1.0468880051789509
2023-09-05 15:00:00,1.7567184843451968,1,-0.0,1.0518315097662208,1.0440210857301393
2023-09-06 09:00:00,0.4662818949596519,1,0.004340508459562464,1.0563969933323953,1.0485526680847126
2023-09-06 10:00:00,0.18068914834339406,0,0.0032633621449991157,1.059844399290527,1.051974475168778
2023-09-06 11:00:00,-0.23840293236232268,-1,-0.0,1.059844399290527,1.0428188291870895
2023-09-06 12:00:00,-0.23438662929499066,-1,0.0062078751330258974,1.0664237809817596,1.0363451401091277
2023-09-06 13:00:00,-0.2253651656121571,-1,-0.00419418168838126,1.0619510058875117,1.0406917599186163
2023-09-06 14:00:00,-0.18216293536516934,-1,-0.0027548209366390353,1.059025521022808,1.0435586793674279
2023-09-06 15:00:00,1.0851165594574717,1,0.0015065579581708954,1.0606210043494109,1.0419864977342086
2023-09-07 09:00:00,0.19350803095082697,0,-0.00035501908227575374,1.0602444636538044,1.0416165726440392
2023-09-07 10:00:00,-0.0021445843789378305,0,-0.0,1.0602444636538044,1.0386571719226854
2023-09-07 11:00:00,-0.21844467196256498,-1,-0.0,1.0602444636538044,1.0310737075742158
2023-09-07 12:00:00,-0.21141636318156443,-1,-0.003856848147816061,1.056155261757929,1.0350504022935352
2023-09-07 13:00:00,-0.1890184904088504,-1,0.0011615439599713673,1.057382032523016,1.0338481457504851
2023-09-07 14:00:00,-0.04471616172003624,0,0.0018785222291798354,1.059368348175846,1.0319060390270964
2023-09-07 15:00:00,1.31698024307166,1,0.0,1.059368348175846,1.0341255895681118
2023-09-08 09:00:00,0.2896417322756318,0,0.00026828832051517537,1.059652564330785,1.0344030333857388
2023-09-08 10:00:00,0.08326882505043104,0,-0.0,1.059652564330785,1.0328308517525195
2023-09-08 11:00:00,-0.25649077039859014,-1,-0.0,1.059652564330785,1.0317210764820117
2023-09-08 12:00:00,-0.2022475864830581,-1,0.0008067407673001403,1.060507429253605,1.0308887450291309
2023-09-08 13:00:00,-0.08816564382428631,0,-0.0006279716515655842,1.059841460651759,1.0315361139369272
2023-09-08 14:00:00,-0.10051141398652344,0,-0.0,1.059841460651759,1.0307962637565886
2023-09-08 15:00:00,1.9514510436732002,1,0.0,1.059841460651759,1.033293258115231
2023-09-11 09:00:00,0.6916004563475232,1,0.005459590083236376,1.065627760580136,1.0389346157403119
2023-09-11 10:00:00,0.4256513461424111,0,-0.0006231084208653259,1.0649637589490109,1.0382872468325155
2023-09-11 11:00:00,-0.2309027096100923,-1,0.0,1.0649637589490109,1.038657171922685
2023-09-11 12:00:00,0.030246201103406454,0,-0.004897159647404559,1.0597484614027375,1.0437436419125121
2023-09-11 13:00:00,0.157714854970366,0,0.0,1.0597484614027375,1.0479977804494582
2023-09-11 14:00:00,0.021536022815279953,0,0.0,1.0597484614027375,1.0510496624433547
2023-09-11 15:00:00,2.535151366226595,1,0.0,1.0597484614027375,1.0567835013409779
2023-09-12 09:00:00,2.0030861315915454,1,0.011989148507919989,1.0724539430875346,1.0694534356792744
2023-09-12 10:00:00,0.7360084985648798,1,-0.00709097198201325,1.0648492022251013,1.0618699713308049
2023-09-12 11:00:00,-0.09041738532523036,0,0.009754398188468905,1.0752361653542784,1.0722278738555435
2023-09-12 12:00:00,-0.10629562476333926,0,-0.0,1.0752361653542784,1.0672338851382588
2023-09-12 13:00:00,-0.06383386893254968,0,-0.0,1.0752361653542784,1.0643669656894472
2023-09-12 14:00:00,0.12305636303263516,0,-0.0,1.0752361653542784,1.0638120780541933
2023-09-12 15:00:00,0.8368760061378668,1,-0.0,1.0752361653542784,1.0636271155091088
2023-09-13 09:00:00,0.14052576351800397,0,-0.0013042344143987528,1.0738338053438172,1.0622398964209743
2023-09-13 10:00:00,0.14273925827734077,0,-0.0,1.0738338053438172,1.0600203458799589
2023-09-13 11:00:00,-0.2589211715143801,-1,-0.0,1.0738338053438172,1.0581707204291126
2023-09-13 12:00:00,-0.2655317984870868,-1,0.003583289634679243,1.0776816628878738,1.054378988254878
2023-09-13 13:00:00,-0.22988820706381122,-1,0.0018419436891501384,1.079666691825743,1.0524368815314893
2023-09-13 14:00:00,-0.15492908766336974,0,0.006502636203866374,1.0866873715441174,1.0455932673633583
2023-09-13 15:00:00,0.5892634608305328,1,0.0,1.0866873715441174,1.050587256080643
2023-09-14 09:00:00,0.1888815842557486,0,0.010651408450704336,1.0982621225966562,1.0617774900582626
2023-09-14 10:00:00,0.9280228380412627,1,0.0,1.0982621225966562,1.0737075742162205
2023-09-14 11:00:00,-0.21474111244853025,-1,-0.004823428079241965,1.0929647342361557,1.0685286229538513
2023-09-14 12:00:00,-0.128675083211178,0,-0.005279556863423851,1.087194364772039,1.0741699805789322
2023-09-14 13:00:00,-0.021611501888976033,0,-0.0,1.087194364772039,1.0685286229538513
2023-09-14 14:00:00,-0.09316718714455312,0,-0.0,1.087194364772039,1.0678812540460552
2023-09-14 15:00:00,2.1232480154617743,1,0.0,1.087194364772039,1.0694534356792744
2023-09-15 09:00:00,9.325110817728792,1,-0.0008647526807332717,1.0862542105306243,1.0685286229538513
2023-09-15 10:00:00,-0.029928401219087263,0,-0.005106456638393708,1.080707300506277,1.063072227873855
2023-09-15 11:00:00,-0.1892047511325042,-1,-0.0,1.080707300506277,1.0581707204291124
2023-09-15 12:00:00,-0.18573118362726918,-1,-0.004719454640796927,1.0756069514215596,1.063164709146397
2023-09-15 13:00:00,-0.23849866494881358,-1,-0.0035664578983996,1.0717708445140888,1.0669564413206318
2023-09-15 14:00:00,0.04611660228711729,0,-0.0009534541041864575,1.0707489602036395,1.0679737353185972
2023-09-15 15:00:00,2.180686322369554,1,0.0,1.0707489602036395,1.0679737353185972
2023-09-18 09:00:00,0.38777894505312827,0,0.006841011430550603,1.0780739660796428,1.0752797558494396
2023-09-18 10:00:00,0.9574110841461961,1,0.0,1.0780739660796428,1.081660963654859
2023-09-18 11:00:00,-0.20238339357427731,-1,0.00256497948016432,1.0808392036807364,1.0844354018311286
2023-09-18 12:00:00,-0.28212748271600063,-1,0.0010233668770254223,1.0819452987211737,1.0833256265606208
2023-09-18 13:00:00,-0.1472986839026958,0,0.0027317739457060064,1.0849009286988993,1.0803662258392668
2023-09-18 14:00:00,-0.15725111888652604,0,-0.0,1.0849009286988993,1.0796263756589284
2023-09-18 15:00:00,1.221301176477845,1,-0.0,1.0849009286988993,1.0778692314806244
2023-09-19 09:00:00,0.11620285097324667,0,8.580008580016951e-05,1.0849940132916664,1.0779617127531669
2023-09-19 10:00:00,-0.13776663839645617,0,-0.0,1.0849940132916664,1.0735688523074072
2023-09-19 11:00:00,-0.24836786749617845,-1,0.0,1.0849940132916664,1.0741699805789322
2023-09-19 12:00:00,-0.14920179830181626,0,0.007662505380972906,1.0933077857568372,1.0659391473226665
2023-09-19 13:00:00,-0.15419032514603068,0,0.0,1.0933077857568372,1.0713955424026627
2023-09-19 14:00:00,-0.08371354347388145,0,0.0,1.0933077857568372,1.0718579487653743
2023-09-19 15:00:00,1.6059123487568356,1,0.0,1.0933077857568372,1.0746323869416436
2023-09-20 09:00:00,0.5060517104086671,1,0.011962134251290779,1.1063860802680419,1.0874872838250247
2023-09-20 10:00:00,0.10536712080970594,0,-0.005782804660260266,1.0999880656870207,1.0811985572921476
2023-09-20 11:00:00,-0.24140925441286598,-1,0.0,1.0999880656870207,1.0811985572921476
2023-09-20 12:00:00,-0.2119543907484676,-1,-0.0,1.0999880656870207,1.0811985572921476
2023-09-20 13:00:00,0.23474980153518138,0,0.0015396458814471714,1.1016816577819968,1.0795338943863861
2023-09-20 14:00:00,0.03428461006604407,0,-0.0,1.1016816577819968,1.0749098307592706
2023-09-20 15:00:00,0.7636421853845906,1,-0.0,1.1016816577819968,1.0621474151484318
2023-09-21 09:00:00,0.4827206099379899,1,-0.021070962124510095,1.078468165297605,1.039766947193193
2023-09-21 10:00:00,0.09533486199830354,0,0.00542559814996002,1.0843195001800343,1.0454083048182738
2023-09-21 11:00:00,-0.23546029932112375,-1,0.0,1.0843195001800343,1.0517895126236934
2023-09-21 12:00:00,-0.10143562996493505,0,-0.0005275652862042346,1.083747450852585,1.0523444002589473
2023-09-21 13:00:00,0.04897436179429359,0,0.0,1.083747450852585,1.0525293628040318
2023-09-21 14:00:00,0.08084475456258076,0,-0.0,1.083747450852585,1.0511421437158972
2023-09-21 15:00:00,3.389122196504443,1,-0.0,1.083747450852585,1.0446684546379355
2023-09-22 09:00:00,0.07594385021122953,0,-0.00185906515580736,1.08173269372901,1.042726347914547
2023-09-22 10:00:00,-0.0724607354850499,0,0.0,1.08173269372901,1.0452233422731894
2023-09-22 11:00:00,-0.22640914997173142,-1,-0.0,1.08173269372901,1.040969203736243
2023-09-22 12:00:00,-0.17415285263789865,0,0.0012437810945273853,1.0830781324028023,1.0396744659206507
2023-09-22 13:00:00,-0.08060818800184377,0,-0.0,1.0830781324028023,1.0363451401091277
2023-09-22 14:00:00,0.2524869234720502,0,-0.0,1.0830781324028023,1.0327383704799775
2023-09-22 15:00:00,2.2074779306697123,1,-0.0,1.0830781324028023,1.028391750670489
2023-09-25 09:00:00,0.4190756592315283,0,0.004316546762589857,1.0877532898088575,1.0328308517525198
2023-09-25 10:00:00,0.26593434727476134,0,-0.0,1.0877532898088575,1.0309812263016735
2023-09-25 11:00:00,-0.05306990800843594,0,0.0,1.0877532898088575,1.0336631832054004
2023-09-25 12:00:00,-0.09367997231590774,0,-0.0,1.0877532898088575,1.031166188846758
2023-09-25 13:00:00,0.11214005377192808,0,0.0,1.0877532898088575,1.0341255895681118
2023-09-25 14:00:00,0.182753675308313,0,-0.0,1.0877532898088575,1.0309812263016735
2023-09-25 15:00:00,1.4223781663794812,1,0.0,1.0877532898088575,1.0331082955701465
2023-09-26 09:00:00,0.2007078754960443,0,0.0010742100080565198,1.0889217652790666,1.034218070840654
2023-09-26 10:00:00,0.08273074293106723,0,-0.0,1.0889217652790666,1.0245075372237116
2023-09-26 11:00:00,-0.20383855196180067,-1,-0.0,1.0889217652790666,1.018126329418292
2023-09-26 12:00:00,-0.09262590220374761,0,-0.001998364974111988,1.0867457021637847,1.0201609174142228
2023-09-26 13:00:00,-0.09381924584211233,0,0.0,1.0867457021637847,1.0206233237769342
2023-09-26 14:00:00,-0.19891239322975832,-1,-0.0,1.0867457021637847,1.0166466290576148
2023-09-26 15:00:00,1.1253792847295292,1,-9.096697898658412e-05,1.0866468441903323,1.016739110330157
2023-09-27 09:00:00,0.12832067562866403,0,0.00754957249408772,1.0948505633160188,1.0244150559511689
2023-09-27 10:00:00,0.01828283544503315,0,0.0,1.0948505633160188,1.025894756311846
2023-09-27 11:00:00,-0.21481710463052628,-1,0.0,1.0948505633160188,1.0267270877647265
2023-09-27 12:00:00,-0.08302492778284526,0,0.0002702215816969833,1.09514641556696,1.0264496439470996
2023-09-27 13:00:00,-0.12380056502409369,0,-0.0,1.09514641556696,1.021825580319984
2023-09-27 14:00:00,-0.1705561541682161,0,0.0,1.09514641556696,1.0260797188569304
2023-09-27 15:00:00,1.060487411024986,1,-0.0,1.09514641556696,1.0255248312216765
2023-09-28 09:00:00,0.32580356183711306,0,0.008206330597889666,1.1041335491061963,1.0339406270230265
2023-09-28 10:00:00,0.20197001709438972,0,-0.0,1.1041335491061963,1.0316285952094688
2023-09-28 11:00:00,-0.21088629461851843,-1,0.0,1.1041335491061963,1.0404143161009882
2023-09-28 12:00:00,-0.10640604762049857,0,0.0004444444444444695,1.1046242751280213,1.0399519097382766
2023-09-28 13:00:00,-0.15560002835351508,0,-0.0,1.1046242751280213,1.0372699528345495
2023-09-28 14:00:00,-0.1595902027680657,0,0.0,1.1046242751280213,1.0393970221030226
2023-09-28 15:00:00,0.7103079568931419,1,-0.0,1.1046242751280213,1.0388421344677687
2023-09-29 09:00:00,0.14491190113231253,0,-0.006409685747351568,1.0975439806555547,1.0321834828447225
2023-09-29 10:00:00,0.010028919697752527,0,-0.0,1.0975439806555547,1.0277443817626915
2023-09-29 11:00:00,-0.26684462369621087,-1,-0.0,1.0975439806555547,1.0233977619532029
2023-09-29 12:00:00,-0.17933313694849076,0,0.0030724742454365517,1.100916156269353,1.0202533986867643
2023-09-29 13:00:00,-0.13914926326859214,0,-0.0,1.100916156269353,1.0167391103301566
2023-09-29 14:00:00,0.233865244027588,0,0.0,1.100916156269353,1.0259872375843877
2023-09-29 15:00:00,0.7746083212186026,1,-0.0,1.100916156269353,1.0225654305003222
2023-10-02 09:00:00,0.2679951936603506,0,-0.003979379578547548,1.0965351929994016,1.0184962545084606
2023-10-02 10:00:00,0.40384561545825265,0,-0.0,1.0965351929994016,1.0111902339776182
2023-10-02 11:00:00,-0.16723491348436506,0,-0.0,1.0965351929994016,1.003699250901691
2023-10-02 12:00:00,0.02165504368376365,0,-0.0,1.0965351929994016,1.0008323314528795
2023-10-02 13:00:00,0.0754005980357119,0,0.0,1.0965351929994016,1.004254138536945
2023-10-02 14:00:00,-0.0005214963170319994,0,-0.0,1.0965351929994016,1.0034218070840641
2023-10-02 15:00:00,1.0124783188988276,1,0.0,1.0965351929994016,1.0061037639877912
2023-10-03 09:00:00,0.3578254304193665,0,0.005607133008548537,1.1026836116751038,1.0117451216128721
2023-10-03 10:00:00,0.07679354878851394,0,-0.0,1.1026836116751038,0.9932488671044102
2023-10-03 11:00:00,-0.18747981760463592,-1,-0.0,1.1026836116751038,0.9922315731064448
2023-10-03 12:00:00,0.007417821267167524,0,-0.004101034579177876,1.0981614680537315,0.9963007490983065
2023-10-03 13:00:00,-0.13155240713149657,0,-0.0,1.0981614680537315,0.9951909738277988
2023-10-03 14:00:00,-0.10508455954572926,0,-0.0,1.0981614680537315,0.9943586423749179
2023-10-03 15:00:00,0.7106134179558196,1,0.0,1.0981614680537315,0.9965781929159335
2023-10-04 09:00:00,0.09083832992706475,0,0.0028767631774311297,1.101320618527902,0.999445112364745
2023-10-04 10:00:00,0.23331870441106167,0,-0.0,1.101320618527902,0.9953759363728834
2023-10-04 11:00:00,-0.18160681868672515,-1,0.0,1.101320618527902,1.0070285767132143
2023-10-04 12:00:00,-0.15484330179117295,0,-9.18357975938644e-05,1.101219477870493,1.0071210579857566
2023-10-04 13:00:00,-0.17447877466402703,0,-0.0,1.101219477870493,1.0017571441783024
2023-10-04 14:00:00,-0.05129067066860425,0,0.0,1.101219477870493,1.003329325811522
2023-10-04 15:00:00,0.9563380016939589,1,0.0,1.101219477870493,1.006658651623045
2023-10-05 09:00:00,0.21337667760210208,0,-0.0070739549839228255,1.093429500856618,0.999537593637287
2023-10-05 10:00:00,0.1388886283760455,0,0.0,1.093429500856618,1.0003699250901676
2023-10-05 11:00:00,-0.2559737176908472,-1,-0.0,1.093429500856618,0.9979191713677964
2023-10-05 12:00:00,-0.11934236640639512,0,-0.0031972568462999007,1.089933525899058,1.001109775270506
2023-10-05 13:00:00,0.009343170702482851,0,0.0,1.089933525899058,1.0078146675298234
2023-10-05 14:00:00,-0.06628587760882546,0,-0.0,1.089933525899058,1.0062887265328755
2023-10-05 15:00:00,0.7223746915545842,1,-0.0,1.089933525899058,1.005548876352537
2023-10-06 09:00:00,-0.021892311972383005,0,-0.0011036512462062609,1.0887306194049173,1.0044391010820293
2023-10-06 10:00:00,-0.010228582646686413,0,0.0,1.0887306194049173,1.0062887265328755
2023-10-06 11:00:00,-0.20178314595007257,-1,0.0,1.0887306194049173,1.0259872375843875
2023-10-06 12:00:00,-0.07927874090316092,0,0.0006309716964124634,1.0894175776107793,1.0253398686765913
2023-10-06 13:00:00,-0.05689643166594893,0,0.0,1.0894175776107793,1.0313511513918414
2023-10-06 14:00:00,0.04884001457102512,0,0.0,1.0894175776107793,1.0335707019328568
2023-10-06 15:00:00,1.20613785084314,1,-0.0,1.0894175776107793,1.0311661888467567
2023-10-09 09:00:00,-0.03421694362721145,0,-0.01130044843049327,1.0771066704557157,1.0195135485064257
2023-10-09 10:00:00,-0.013821122966048892,0,-0.0,1.0771066704557157,1.0136872283362603
2023-10-09 11:00:00,-0.24891778388360059,-1,0.0,1.0771066704557157,1.0195135485064257
2023-10-09 12:00:00,-0.0019468826078180585,0,0.002358490566037652,1.0796470163766017,1.0171090354203258
2023-10-09 13:00:00,-0.0002087857577394714,0,0.0,1.0796470163766017,1.0190511421437143
2023-10-09 14:00:00,-0.09455725264085743,0,0.0,1.0796470163766017,1.0219180615925259
2023-10-09 15:00:00,0.9360229372539356,1,-0.0,1.0796470163766017,1.0198834735965951
2023-10-10 09:00:00,0.0965719585488739,0,0.013239027928908076,1.0939404933797738,1.0333857393877723
2023-10-10 10:00:00,0.06431389975142161,0,0.0,1.0939404933797738,1.0382872468325146
2023-10-10 11:00:00,-0.232667338182314,-1,0.0,1.0939404933797738,1.0445759733653917
2023-10-10 12:00:00,-0.022065220734478266,0,0.0057547587428066205,1.1002358569981612,1.0385646906501413
2023-10-10 13:00:00,0.23573116358974475,0,-0.0,1.1002358569981612,1.0317210764820104
2023-10-10 14:00:00,0.39473000817652887,0,0.0,1.1002358569981612,1.0324609266623488
2023-10-10 15:00:00,1.4742966703566405,1,-0.0,1.1002358569981612,1.030981226301672
2023-10-11 09:00:00,0.049781505551033625,0,0.005023322569070787,1.105762696609921,1.0361601775640414
2023-10-11 10:00:00,0.012814260589827618,0,0.0,1.105762696609921,1.0396744659206492
2023-10-11 11:00:00,-0.24874762717642757,-1,-0.0,1.105762696609921,1.0362526588365837
2023-10-11 12:00:00,-0.18082277388787127,-1,-0.0013386880856760541,1.1042824252623842,1.0376398779247185
2023-10-11 13:00:00,-0.08413092671003396,0,-0.0009803921568627416,1.1031997954336956,1.0386571719226838
2023-10-11 14:00:00,-0.01723974498014276,0,0.0,1.1031997954336956,1.042633866642003
2023-10-11 15:00:00,0.49927369134455435,1,0.0,1.1031997954336956,1.0472579302691185
2023-10-12 09:00:00,-0.10527090773023108,0,-0.0031790886612503844,1.0996926254729387,1.0439286044575955
2023-10-12 10:00:00,-0.12295783168329567,0,-0.0,1.0996926254729387,1.0397669471931916
2023-10-12 11:00:00,-0.2636284798094685,-1,0.0,1.0996926254729387,1.0423564228243762
2023-10-12 12:00:00,-0.10155664989845531,0,0.0006210629047999072,1.1003756037693018,1.04170905391658
2023-10-12 13:00:00,0.10978831561228859,0,-0.0,1.1003756037693018,1.0267270877647259
2023-10-12 14:00:00,0.14445814942402774,0,0.0,1.1003756037693018,1.0323684453898068
2023-10-12 15:00:00,1.4061876827625723,1,-0.0,1.1003756037693018,1.02968648848608
2023-10-13 09:00:00,0.22063854220005297,0,-0.0015268546793605342,1.0986954901296324,1.0281143068528606
2023-10-13 10:00:00,0.7739075283890802,1,-0.0,1.0986954901296324,1.0098954961620257
2023-10-13 11:00:00,-0.22736512793805008,-1,0.0009157509157509125,1.09970162153085,1.0108203088874488
2023-10-13 12:00:00,0.048994205285149625,0,-0.0036596523330283404,1.0956770959259796,1.0145195597891412
2023-10-13 13:00:00,0.09539891098922837,0,-0.0,1.0956770959259796,1.0093406085267718
2023-10-13 14:00:00,0.17842884564409411,0,-0.0,1.0956770959259796,1.0087857208915179
2023-10-13 15:00:00,0.8473718122404851,1,0.0,1.0956770959259796,1.0116526403403294
2023-10-16 09:00:00,0.059729995387215705,0,0.003108145168662535,1.099082619398096,1.014797003606768
2023-10-16 10:00:00,0.04556764719843884,0,0.0,1.099082619398096,1.022842874317949
2023-10-16 11:00:00,-0.2209219481806971,-1,-0.0,1.099082619398096,1.0197909923240527
2023-10-16 12:00:00,-0.14366534052647137,0,0.0042622653486895645,1.1037672011621034,1.015444372514564
2023-10-16 13:00:00,-0.07150960233178251,0,-0.0,1.1037672011621034,1.006751132895587
2023-10-16 14:00:00,0.6862796629740779,1,-0.0,1.1037672011621034,1.0051789512623677
2023-10-16 15:00:00,0.7561666456185618,1,0.0037721961541998805,1.107930827553459,1.0089706834366023
2023-10-17 09:00:00,0.11123978092164859,0,-0.0014665444546287931,1.106305997742198,1.0074909830759253
2023-10-17 10:00:00,0.11754747607732709,0,0.0,1.106305997742198,1.0134097845186332
2023-10-17 11:00:00,-0.1858453260220834,-1,0.0,1.106305997742198,1.0188661795986294
2023-10-17 12:00:00,-0.13246860679169642,0,0.0014523009893799843,1.1079126870372762,1.0173864792379526
2023-10-17 13:00:00,-0.045488288448261104,0,-0.0,1.1079126870372762,1.0163691852399872
2023-10-17 14:00:00,0.14313826597415288,0,-0.0,1.1079126870372762,1.0156293350596486
2023-10-17 15:00:00,1.2487136964730046,1,0.0,1.1079126870372762,1.0173864792379526
2023-10-18 09:00:00,-0.11232368333845032,0,-0.008908281065357682,1.0980430894252724,1.0083233145288062
2023-10-18 10:00:00,-0.10672973864189071,0,-0.0,1.0980430894252724,1.0031443632664367
2023-10-18 11:00:00,-0.17490661424857237,0,0.0,1.0980430894252724,1.0087857208915179
2023-10-18 12:00:00,-0.16719327212263854,0,-0.0,1.0980430894252724,1.0006473689077946
2023-10-18 13:00:00,-0.05341572962037208,0,0.0,1.0980430894252724,1.0020345879959291
2023-10-18 14:00:00,-0.050633154288371264,0,-0.0,1.0980430894252724,0.9993526310922023
2023-10-18 15:00:00,0.9230148083322605,1,-0.0,1.0980430894252724,0.994821048737629
2023-10-19 09:00:00,0.19054501400829013,0,0.002138142604815485,1.1003908621366958,0.9969481180061022
2023-10-19 10:00:00,0.05106432251114705,0,-0.0,1.1003908621366958,0.9959308240081367
2023-10-19 11:00:00,-0.18833891409162115,-1,0.0,1.1003908621366958,1.0012022565430485
2023-10-19 12:00:00,-0.005241209099653732,0,-0.004987991871420627,1.0949021214609724,1.0061962452603332
2023-10-19 13:00:00,-0.1586277510048582,0,-0.0,1.0949021214609724,0.9999537593637273
2023-10-19 14:00:00,-0.16127203000903859,0,-0.0,1.0949021214609724,0.9928789420142407
2023-10-19 15:00:00,1.113387329215795,1,-0.0,1.0949021214609724,0.989087209840006
2023-10-20 09:00:00,1.3973311708123108,1,-0.005142589995324909,1.0892714887652872,0.9840007398501789
2023-10-20 10:00:00,0.21200053122822565,0,-0.0015037593984963404,1.0876334865265422,0.9825210394895019
2023-10-20 11:00:00,-0.20348978240426208,-1,-0.0,1.0876334865265422,0.9818736705817057
2023-10-20 12:00:00,-0.058266920705174384,0,-0.006310633889045958,1.0807698297876067,0.9880699158420406
2023-10-20 13:00:00,-0.012536838577414765,0,0.0,1.0807698297876067,0.9885323222047521
2023-10-20 14:00:00,-0.009392625326334659,0,-0.0,1.0807698297876067,0.980763895311198
2023-10-20 15:00:00,0.8666585688663647,1,0.0,1.0807698297876067,0.9809488578562826
2023-10-23 09:00:00,0.6577865752373347,1,0.016687093428867872,1.0988047369123741,0.9973180430962716
2023-10-23 10:00:00,0.5325520078895863,1,-0.003987388724035701,1.0944233752944927,0.9933413483769522
2023-10-23 11:00:00,-0.16089098957778458,0,0.004003351643236286,1.0988047369123741,0.9973180430962716
2023-10-23 12:00:00,-0.1994974380705449,-1,0.0,1.0988047369123741,1.0005548876352524
2023-10-23 13:00:00,-0.05245056685402048,0,0.004621499214345182,1.1038828621407335,0.9959308240081368
2023-10-23 14:00:00,0.11310127431425719,0,-0.0,1.1038828621407335,0.9956533801905099
2023-10-23 15:00:00,1.0650403737364673,1,-0.0,1.1038828621407335,0.9866826967539057
2023-10-24 09:00:00,1.7382145703845375,1,0.06228325053894457,1.172636275009092,1.0481365023582707
2023-10-24 10:00:00,0.7149590410520089,1,0.011514536550933041,1.186138638258634,1.0602053084250422
2023-10-24 11:00:00,-0.10960285349561796,0,-0.007065596650383865,1.177757861069263,1.0527143253491151
2023-10-24 12:00:00,-0.042682062718884195,0,-0.0,1.177757861069263,1.0473504115416612
2023-10-24 13:00:00,-0.10643168588731937,0,0.0,1.177757861069263,1.049939887172846
2023-10-24 14:00:00,0.28298632634741994,0,0.0,1.177757861069263,1.0543789882548769
2023-10-24 15:00:00,0.8287303267906785,1,-0.0,1.177757861069263,1.0506797373531844
2023-10-25 09:00:00,0.19107004706819058,0,-0.004841123140568615,1.172056190234054,1.0455932673633574
2023-10-25 10:00:00,0.00322374075207128,0,0.0,1.172056190234054,1.0458707111809844
2023-10-25 11:00:00,-0.2318548006536253,-1,-0.0,1.172056190234054,1.0381022842874303
2023-10-25 12:00:00,-0.26595624293388537,-1,-0.006503340757238352,1.1644339094423315,1.044853417183019
2023-10-25 13:00:00,-0.24384878072186864,-1,0.005487696937511055,1.1708239698411123,1.039119578285396
2023-10-25 14:00:00,-0.19296549600494556,-1,0.005695977216091164,1.1774929564973806,1.033200776842688
2023-10-25 15:00:00,0.36396032934136235,0,0.0045649838882921845,1.1828681928723688,1.0284842319430303
2023-10-26 09:00:00,0.10461486972620657,0,-0.0,1.1828681928723688,1.0114676777952454
2023-10-26 10:00:00,-0.07011048339441661,0,-0.0,1.1828681928723688,1.0093406085267722
2023-10-26 11:00:00,-0.2706128236761554,-1,-0.0,1.1828681928723688,1.001849625450845
2023-10-26 12:00:00,-0.14938758118006415,0,0.010892642850549139,1.195752753636602,0.9909368352908526
2023-10-26 13:00:00,-0.03404821611590304,0,0.0,1.195752753636602,1.0086007583464338
2023-10-26 14:00:00,-0.039388705614874286,0,0.0,1.195752753636602,1.0130398594284646
2023-10-26 15:00:00,0.7575690507327482,1,-0.0,1.195752753636602,1.006288726532876
2023-10-27 09:00:00,0.5186616278657786,1,-0.008547008547008628,1.1855326446311607,0.997687968186441
2023-10-27 10:00:00,0.27121452895611753,0,-0.013255469039673673,1.1698178533647299,0.9844631462128907
2023-10-27 11:00:00,-0.21832620438934122,-1,0.0,1.1698178533647299,0.991399241653564
2023-10-27 12:00:00,-0.10884591093452174,0,0.0014925373134327957,1.1715638501607966,0.9899195412928871
2023-10-27 13:00:00,-0.18217452272944668,-1,-0.0,1.1715638501607966,0.9844631462128908
2023-10-27 14:00:00,-0.017267770726572085,0,0.004884922498825661,1.1772868487712578,0.9796541200406907
2023-10-27 15:00:00,0.590276086115673,1,0.0,1.1772868487712578,0.9835383334874677
2023-10-30 09:00:00,0.06103503265443751,0,0.020310296191819566,1.201197893372536,1.0035142883566068
2023-10-30 10:00:00,0.034307796213389884,0,0.0,1.201197893372536,1.0082308332562646
2023-10-30 11:00:00,-0.23703718551829084,-1,0.0,1.201197893372536,1.0091556459816877
2023-10-30 12:00:00,-0.19694468068613946,-1,0.001832844574780057,1.2033995024146413,1.0073060205308415
2023-10-30 13:00:00,-0.06344288991673536,0,-0.006518545721630575,1.195555087736764,1.0138721908813455
2023-10-30 14:00:00,-0.0006477829494738949,0,0.0,1.195555087736764,1.0147970036067686
2023-10-30 15:00:00,0.619891203447196,1,0.0,1.195555087736764,1.0156293350596493
2023-10-31 09:00:00,0.06578306743045341,0,-0.01211072664359858,1.1810760468818204,1.0033293258115221
2023-10-31 10:00:00,-0.09750485924075439,0,0.0,1.1810760468818204,1.0055488763525375
2023-10-31 11:00:00,-0.22571403967415002,-1,0.0,1.1810760468818204,1.0098030148894837
2023-10-31 12:00:00,-0.20783429033784132,-1,-0.0005495008700431292,1.1804270445664717,1.0103579025247376
2023-10-31 13:00:00,-0.13613056309252503,0,-0.0008237986270023256,1.1794546103878816,1.0111902339776184
2023-10-31 14:00:00,0.1942484064801727,0,-0.0,1.1794546103878816,1.0096180523443992
2023-10-31 15:00:00,3.173473736604722,1,-0.0,1.1794546103878816,1.0039766947193183
2023-11-01 09:00:00,0.23839784321994892,0,-0.013356669123065656,1.1637010254112563,0.9905669102006832
2023-11-01 10:00:00,0.314730651806366,0,-0.0,1.1637010254112563,0.9898270600203448
2023-11-01 11:00:00,-0.17745425424325667,0,-0.0,1.1637010254112563,0.9823360769444177
2023-11-01 12:00:00,-0.010892132561276746,0,0.0,1.1637010254112563,0.984555627485433
2023-11-01 13:00:00,0.09820443253444823,0,0.0,1.1637010254112563,0.9862202903911947
2023-11-01 14:00:00,0.7159152697221216,1,-0.0,1.1637010254112563,0.9858503653010254
2023-11-01 15:00:00,4.768995133713272,1,0.0060975609756097615,1.170796763371081,0.9918616480162756
2023-11-02 09:00:00,0.4595269581696086,1,0.007599067599067588,1.1796937271207073,0.9993988717284739
2023-11-02 10:00:00,0.2004513637390429,0,0.001341785036783394,1.181276622511745,1.0007398501803373
2023-11-02 11:00:00,-0.24355857470716033,-1,-0.0,1.181276622511745,0.9966706741884757
2023-11-02 12:00:00,-0.16876161386234098,0,-0.0005567412081284306,1.180618957137794,0.9972255618237296
2023-11-02 13:00:00,-0.15059593298215282,0,0.0,1.180618957137794,0.9992601498196605
2023-11-02 14:00:00,-0.1321621084256079,0,-0.0,1.180618957137794,0.9963932303708489
2023-11-02 15:00:00,0.7699777783716698,1,0.0,1.180618957137794,0.9970405992786452
2023-11-03 09:00:00,0.1074035972253397,0,0.0087190427604118,1.1909128243088314,1.0057338388976222
2023-11-03 10:00:00,-0.15319056237882228,0,-0.0,1.1909128243088314,1.0034218070840644
2023-11-03 11:00:00,-0.2652380865215187,-1,0.0,1.1909128243088314,1.0067511328955874
2023-11-03 12:00:00,-0.20121509661151304,-1,-0.0013779165901157686,1.1892718457708347,1.0081383519837221
2023-11-03 13:00:00,-0.06465670719634685,0,0.0005504082194294213,1.189926430769883,1.0075834643484682
2023-11-03 14:00:00,-0.06858638358158073,0,0.0,1.189926430769883,1.0089706834366028
2023-11-03 15:00:00,1.124538057974271,1,-0.0,1.189926430769883,1.0077684268935527
2023-11-06 09:00:00,-0.018323426502991968,0,0.0019271359089658713,1.192219580723647,1.0097105336169414
2023-11-06 10:00:00,0.09973045502012567,0,0.0,1.192219580723647,1.0174789605104955
2023-11-06 11:00:00,-0.23509084222427054,-1,0.0,1.192219580723647,1.0219180615925265
2023-11-06 12:00:00,-0.05103363765044554,0,-0.006425339366515681,1.1845591653180927,1.0284842319430303
2023-11-06 13:00:00,-0.055609907675524206,0,0.0,1.1845591653180927,1.0303338573938767
2023-11-06 14:00:00,0.008349299226977615,0,-0.0,1.1845591653180927,1.0301488948487922
2023-11-06 15:00:00,1.5247785171351511,1,0.0,1.1845591653180927,1.033940627023027
2023-11-07 09:00:00,0.08592467672233489,0,0.001610017889087656,1.1864663267649376,1.0356052899287884
2023-11-07 10:00:00,0.09575146535644433,0,0.0,1.1864663267649376,1.0431887542772578
2023-11-07 11:00:00,-0.23374613742884903,-1,-0.0,1.1864663267649376,1.0390270970128537
2023-11-07 12:00:00,-0.14554737001331838,0,0.002670226969292311,1.1896344611488225,1.0362526588365844
2023-11-07 13:00:00,-0.11279902964583878,0,-0.0,1.1896344611488225,1.0344955146582806
2023-11-07 14:00:00,0.015513837283931062,0,-0.0,1.1896344611488225,1.0339406270230267
2023-11-07 15:00:00,0.5891456954613066,1,0.0,1.1896344611488225,1.0340331082955692
2023-11-08 09:00:00,0.006011789486780128,0,0.014399427600393588,1.2067645164430683,1.0489225931748811
2023-11-08 10:00:00,0.00393231283378318,0,-0.0,1.2067645164430683,1.047442892814204
2023-11-08 11:00:00,-0.2288603178286348,-1,-0.0,1.2067645164430683,1.0433737168223423
2023-11-08 12:00:00,-0.127161461072043,0,-0.004697748626130149,1.2010954400938851,1.0482752242670847
2023-11-08 13:00:00,-0.08874912960689192,0,0.0,1.2010954400938851,1.0509571811708118
2023-11-08 14:00:00,0.0262660315652804,0,0.0,1.2010954400938851,1.0515120688060657
2023-11-08 15:00:00,1.9951083301349977,1,0.0,1.2010954400938851,1.0526218440765733
2023-11-09 09:00:00,0.25729687605071594,0,0.007204357757863322,1.2097485613456598,1.0602053084250427
2023-11-09 10:00:00,-0.0906456644060587,0,-0.0,1.2097485613456598,1.0587256080643659
2023-11-09 11:00:00,-0.2426128808301265,-1,-0.0,1.2097485613456598,1.0583556829741967
2023-11-09 12:00:00,-0.08738632386411394,0,0.0036700454386577874,1.2141883935351492,1.0544714695274198
2023-11-09 13:00:00,0.11451145355875803,0,-0.0,1.2141883935351492,1.0510496624433545
2023-11-09 14:00:00,0.49466331303533617,1,-0.0,1.2141883935351492,1.0466105613613235
2023-11-09 15:00:00,1.2008992511247987,1,-0.00035345056110280826,1.2137592379661697,1.0462406362711543
2023-11-10 09:00:00,0.11602336068674102,0,0.010430478210907923,1.226419327251064,1.057153426431147
2023-11-10 10:00:00,-0.11761988871041244,0,-0.0,1.226419327251064,1.0546564320725047
2023-11-10 11:00:00,-0.2453052846204303,-1,0.0,1.226419327251064,1.0583556829741971
2023-11-10 12:00:00,-0.2137483342088616,-1,-0.0027962250961202084,1.2229899827498376,1.061315083695551
2023-11-10 13:00:00,0.3827004586082618,0,-0.001307075636109989,1.2213914423401788,1.0627023027836855
2023-11-10 14:00:00,-0.08937100059171499,0,0.0,1.2213914423401788,1.0641820031443623
2023-11-10 15:00:00,0.6838772587159558,1,0.0,1.2213914423401788,1.0661241098677507
2023-11-13 09:00:00,0.026442263699978194,0,-0.000346981263011803,1.2209676423948839,1.0657541847775815
2023-11-13 10:00:00,-0.19221543252985904,-1,0.0,1.2209676423948839,1.0682511791362241
2023-11-13 11:00:00,-0.2093801037767675,-1,-0.0009522985022940578,1.2198049167376817,1.0692684731341895
2023-11-13 12:00:00,-0.06895260987823741,0,-0.0038055699705932255,1.2151628637765628,1.0733376491260511
2023-11-13 13:00:00,0.03304466713545131,0,0.0,1.2151628637765628,1.0753722371219818
2023-11-13 14:00:00,-0.10409053667740427,0,-0.0,1.2151628637765628,1.073337649126051
2023-11-13 15:00:00,3.699522350914293,1,-0.0,1.2151628637765628,1.0683436604087662
2023-11-14 09:00:00,0.07971428408142234,0,0.008310249307479367,1.2252611701237366,1.077221862572828
2023-11-14 10:00:00,0.43666006966932935,1,-0.0,1.2252611701237366,1.0738000554887626
2023-11-14 11:00:00,-0.2090867774214116,-1,0.002842132460597613,1.2287435246680551,1.0768519374826586
2023-11-14 12:00:00,-0.09658128446938707,0,-0.005410511851597244,1.2220953932652652,1.082678257652824
2023-11-14 13:00:00,-0.0381088380289815,0,-0.0,1.2220953932652652,1.081106076019605
2023-11-14 14:00:00,-0.044496610199188755,0,0.0,1.2220953932652652,1.0866549523721434
2023-11-14 15:00:00,0.9655596827368582,1,-0.0,1.2220953932652652,1.0845278831036702
2023-11-15 09:00:00,0.622249200367206,1,-0.0013643728148716727,1.220427999533514,1.0830481827429932
2023-11-15 10:00:00,0.904640611958245,1,-0.007001963965502456,1.2118826066582902,1.0754647183945238
2023-11-15 11:00:00,-0.2659175034170592,-1,0.004041620087711806,1.216780575745309,1.0798113382040124
2023-11-15 12:00:00,-0.19459741058491653,-1,0.002569373072970338,1.2199069389923423,1.0770369000277429
2023-11-15 13:00:00,-0.15465151193953347,0,-0.0014597286622015648,1.2181262058682765,1.0786090816609621
2023-11-15 14:00:00,-0.10559127954042676,0,-0.0,1.2181262058682765,1.0784241191158777
2023-11-15 15:00:00,0.6166162328910585,1,-0.0,1.2181262058682765,1.075557199667066
2023-11-16 09:00:00,0.6329941563889117,1,0.01797076526225272,1.2400168659737338,1.0948857856284089
2023-11-16 10:00:00,0.011485081073351045,0,-0.0028718641777177867,1.236455705956578,1.0917414223619704
2023-11-16 11:00:00,-0.19958386914456047,-1,-0.0,1.236455705956578,1.0897068343660394
2023-11-16 12:00:00,-0.21430624885245012,-1,-0.0041585334804379315,1.231313863506279,1.0942384167206127
2023-11-16 13:00:00,-0.16277794974916518,0,-0.0015212981744423537,1.2294406679735614,1.0959030796263745
2023-11-16 14:00:00,0.08255650062265393,0,0.0,1.2294406679735614,1.0994173679829822
2023-11-16 15:00:00,1.2089804771805106,1,0.0,1.2294406679735614,1.099972255618236
2023-11-17 09:00:00,2.1438725197778425,1,0.003951572221287947,1.2342988915648474,1.1043188754277244
2023-11-17 10:00:00,0.11690829738576751,0,0.0030148228791557763,1.2380200841028537,1.1076482012392475
2023-11-17 11:00:00,-0.23923868928058462,-1,0.0,1.2380200841028537,1.1080181263294167
2023-11-17 12:00:00,-0.21844232074543785,-1,0.0015858442534012474,1.2399833911388236,1.1062609821511127
2023-11-17 13:00:00,-0.11366121918607132,0,-0.0009195786657749672,1.238843128866417,1.107278276149078
2023-11-17 14:00:00,-0.19544617674147702,-1,0.0,1.238843128866417,1.1085730139646703
2023-11-17 15:00:00,1.6298316884378168,1,-0.0005839659631265981,1.2381196866455058,1.1092203828724663
2023-11-20 09:00:00,0.3391929656913086,0,-0.0006670001667500314,1.2372938606080568,1.1084805326921279
2023-11-20 10:00:00,0.05725591472487372,0,-0.0,1.2372938606080568,1.1082955701470434
2023-11-20 11:00:00,-0.24335136595870138,-1,0.0,1.2372938606080568,1.1092203828724663
2023-11-20 12:00:00,-0.2712364864464359,-1,-0.000833750208437678,1.236262266593876,1.1101451955978896
2023-11-20 13:00:00,0.07093027824495216,0,-0.003332222592469014,1.232142765538915,1.1138444464995818
2023-11-20 14:00:00,0.12179428278292265,0,0.0,1.232142765538915,1.1138444464995818
2023-11-20 15:00:00,1.8748981475778181,1,-0.0,1.232142765538915,1.110607601960601
2023-11-21 09:00:00,0.43632919878733273,0,-0.0018319593638104203,1.2298855300620346,1.1085730139646703
2023-11-21 10:00:00,0.21077022681870705,0,-0.0,1.2298855300620346,1.1066309072412817
2023-11-21 11:00:00,-0.2541560755182398,-1,-0.0,1.2298855300620346,1.1065384259687394
2023-11-21 12:00:00,-0.23108205025201747,-1,-0.003593815294609115,1.2254655486334791,1.1105151206880586
2023-11-21 13:00:00,-0.16984345103129125,0,0.0009993337774817368,1.226690197749369,1.1094053454175508
2023-11-21 14:00:00,0.024709092766402294,0,0.0,1.226690197749369,1.1099602330528047
2023-11-21 15:00:00,1.5117557533537365,1,-0.0,1.226690197749369,1.1090354203273816
2023-11-22 09:00:00,0.12171125575880426,0,0.0,1.226690197749369,1.1090354203273816
2023-11-22 10:00:00,0.0005247992313794801,0,-0.0,1.226690197749369,1.1064459446961967
2023-11-22 11:00:00,-0.2306389951971538,-1,0.0,1.226690197749369,1.1122722648663623
2023-11-22 12:00:00,-0.20955648227755955,-1,0.0028269726448822974,1.2301580173821516,1.1091279015999238
2023-11-22 13:00:00,-0.02476146256678634,0,0.002334695238889406,1.2330300614484153,1.106538425968739
2023-11-22 14:00:00,0.19865733457338294,0,-0.0,1.2330300614484153,1.1060760196060273
2023-11-22 15:00:00,1.8559164992717567,1,-0.0,1.2330300614484153,1.105983538333485
2023-11-24 09:00:00,0.4143926774790208,0,0.0042645706162722785,1.2382884052174485,1.1107000832331428
2023-11-24 10:00:00,0.007212015347382738,0,0.0,1.2382884052174485,1.1118098585036507
2023-11-24 11:00:00,-0.23832088948738772,-1,-0.0,1.2382884052174485,1.1105151206880584
2023-11-24 12:00:00,-0.10424273067371384,0,0.0006662225183211579,1.2391133808371804,1.1097752705077197
2023-11-24 13:00:00,4.829012349169901,1,-0.0,1.2391133808371804,1.1094978266900928
2023-11-24 15:00:00,1.236884579847891,1,0.0,1.2391133808371804,1.1094978266900928
2023-11-27 09:00:00,0.34147419640960536,0,-0.002750687671917995,1.2357049669364029,1.1064459446961965
2023-11-27 10:00:00,0.024252958412995438,0,0.0,1.2357049669364029,1.1088504577822966
2023-11-27 11:00:00,-0.15887522188836384,0,0.0,1.2357049669364029,1.1111624895958543
2023-11-27 12:00:00,-0.2592358679641776,-1,-0.0,1.2357049669364029,1.1080181263294158
2023-11-27 13:00:00,-0.16859827300555097,0,-0.0008346548702111711,1.2346735797676052,1.1089429390548389
2023-11-27 14:00:00,-0.0066941495967680065,0,-0.0,1.2346735797676052,1.1070008323314504
2023-11-27 15:00:00,1.1631501317343962,1,0.0,1.2346735797676052,1.1094978266900928
2023-11-28 09:00:00,0.09606342534794152,0,-0.0038342919063099057,1.2299394808537676,1.1052436881531464
2023-11-28 10:00:00,-0.28417810380631087,-1,0.0,1.2299394808537676,1.1067233885138235
2023-11-28 11:00:00,-0.2545987414808033,-1,-8.356313194624043e-05,1.229836703258643,1.106815869786366
2023-11-28 12:00:00,-0.10464276993815345,0,0.0033422459893048817,1.233947120047609,1.1031166188846735
2023-11-28 13:00:00,0.07890206000157124,0,-0.0,1.233947120047609,1.0998797743456927
2023-11-28 14:00:00,0.006446318488611057,0,-0.0,1.233947120047609,1.099417367982981
2023-11-28 15:00:00,1.4155779150985468,1,-0.0,1.233947120047609,1.0988624803477272
2023-11-29 09:00:00,0.459114164225513,1,0.0031981147954891487,1.2378934245890845,1.102376768704335
2023-11-29 10:00:00,0.01107138515285213,0,0.0002516778523489194,1.2382049749476218,1.102654212521962
2023-11-29 11:00:00,-0.22273369954140998,-1,0.0,1.2382049749476218,1.1033015814297582
2023-11-29 12:00:00,-0.18212044178920564,-1,0.0010896898575020186,1.239554234350331,1.1020993248867084
2023-11-29 13:00:00,-0.12578847652794004,0,-0.0006713098934294504,1.2387221093293692,1.1028391750670468
2023-11-29 14:00:00,-0.01919980366752941,0,-0.0,1.2387221093293692,1.0984925552575582
2023-11-29 15:00:00,0.8463002696918176,1,0.0,1.2387221093293692,1.099139924165354
2023-11-30 09:00:00,0.14837677966736926,0,0.008245687841817562,1.248936225165657,1.1082030888745007
2023-11-30 10:00:00,0.8655441545919784,1,0.0,1.248936225165657,1.1168963284934779
2023-11-30 11:00:00,-0.09020114233486827,0,-0.003726090916618352,1.2442825752416318,1.112734671229074
2023-11-30 12:00:00,0.041296958979936814,0,0.0,1.2442825752416318,1.1143993341348357
2023-11-30 13:00:00,0.014874358238285645,0,0.0,1.2442825752416318,1.1180985850365281
2023-11-30 14:00:00,0.4881569857339011,1,-0.0,1.2442825752416318,1.1180061037639857
2023-11-30 15:00:00,4.072078340737186,1,0.006783025891306194,1.252722576165597,1.1255895681124553
2023-12-01 09:00:00,1.5518300184508425,1,0.006901651466600933,1.2613684307706343,1.1333579950060093
2023-12-01 10:00:00,0.5193238364666474,1,0.003182374541003785,1.2653825775515446,1.1369647646351595
2023-12-01 11:00:00,-0.13161690763867626,0,0.0017894908085245298,1.2676469680433402,1.1389993526310904
2023-12-01 12:00:00,-0.12836941928884607,0,-0.0,1.2676469680433402,1.1369647646351595
2023-12-01 13:00:00,-0.18049318982421525,-1,-0.0,1.2676469680433402,1.1359474706371941
2023-12-01 14:00:00,-0.10504195494114991,0,-0.0017096800455915773,1.2654796973172218,1.1378895773605828
2023-12-01 15:00:00,0.8677866867368244,1,-0.0,1.2654796973172218,1.1329880699158403
2023-12-04 09:00:00,0.3115051642985139,0,-0.004244551465186652,1.26010830361381,1.12817904374364
2023-12-04 10:00:00,-0.06675553484769288,0,-0.0,1.26010830361381,1.1220752797558478
2023-12-04 11:00:00,-0.2649600145313351,-1,0.0,1.26010830361381,1.1267918246555058
2023-12-04 12:00:00,-0.21338969570360197,-1,-0.0036933683519368987,1.25545425948523,1.1309534819199096
2023-12-04 13:00:00,-0.19395580900650536,-1,0.0052334614441083005,1.2620246309470875,1.1250346804772018
2023-12-04 14:00:00,-0.0996833696137553,0,-0.0002466091245376667,1.2617134041577047,1.1253121242948287
2023-12-04 15:00:00,1.370906375013103,1,-0.0,1.2617134041577047,1.123924905206694
2023-12-05 09:00:00,0.16075713315156073,0,-0.005842178885871907,1.254342248747913,1.1173587348561898
2023-12-05 10:00:00,-0.0023893227348520283,0,-0.0,1.254342248747913,1.1156940719504282
2023-12-05 11:00:00,-0.25232426771291067,-1,0.0,1.254342248747913,1.1175436974012745
2023-12-05 12:00:00,-0.19058702070065875,-1,-0.0,1.254342248747913,1.1175436974012745
2023-12-05 13:00:00,-0.1149039420622554,0,0.0009102946044355908,1.255484069729064,1.116526403403309
2023-12-05 14:00:00,-0.1026290669344983,0,-0.0,1.255484069729064,1.1142143715897512
2023-12-05 15:00:00,0.8522530963391866,1,-0.0,1.255484069729064,1.112087302321278
2023-12-06 09:00:00,0.5423377939356218,1,0.015218295218295097,1.2745903969440673,1.1290113751965207
2023-12-06 10:00:00,0.04955816869248314,0,-0.01089449541284404,1.2607043777113052,1.1167113659483936
2023-12-06 11:00:00,-0.24969260706880464,-1,-0.0,1.2607043777113052,1.1140294090446665
2023-12-06 12:00:00,-0.15662748211698663,0,-0.0010791964137473187,1.2593438300680835,1.1152316655877166
2023-12-06 13:00:00,-0.11786473889414291,0,0.0,1.2593438300680835,1.1170812910385628
2023-12-06 14:00:00,-0.09397737853926615,0,-0.0,1.2593438300680835,1.1134745214094126
2023-12-06 15:00:00,1.3891535258923537,1,-0.0,1.2593438300680835,1.1081106076019585
2023-12-07 09:00:00,0.15540869812591562,0,-0.0052161575696878515,1.2527748942160342,1.1023305280680642
2023-12-07 10:00:00,0.23908482445378762,0,-0.0,1.2527748942160342,1.0996948118006085
2023-12-07 11:00:00,-0.19877770896302127,-1,-0.0,1.2527748942160342,1.0973827799870506
2023-12-07 12:00:00,-0.16249425986127594,0,0.0020225855385133107,1.2553087386000883,1.0951632294460352
2023-12-07 13:00:00,-0.07291356239124398,0,0.0,1.2553087386000883,1.0982151114399314
2023-12-07 14:00:00,0.06430632018123782,0,0.0,1.2553087386000883,1.1038564690650123
2023-12-07 15:00:00,1.7500777059800328,1,0.0,1.2553087386000883,1.1046888005178932
2023-12-08 09:00:00,0.18833500657525487,0,0.001088321473419862,1.2566749180560783,1.1058910570609433
2023-12-08 10:00:00,0.0826424327471685,0,0.0,1.2566749180560783,1.1131045963192434
2023-12-08 11:00:00,-0.23121223329270743,-1,-0.0,1.2566749180560783,1.108203088874501
2023-12-08 12:00:00,-0.14044108428542207,0,-0.004923641825919978,1.2504875008679528,1.113659483954497
2023-12-08 13:00:00,-0.12827560355198608,0,-0.0,1.2504875008679528,1.1126421899565315
2023-12-08 14:00:00,-0.03303964899808408,0,0.0,1.2504875008679528,1.114306852862293
2023-12-08 15:00:00,0.8745052726542499,1,0.0,1.2504875008679528,1.1155091094053433
2023-12-11 09:00:00,0.18883656622576675,0,-0.004311059525783589,1.2450965748154628,1.110700083233143
2023-12-11 10:00:00,0.03436533201842213,0,0.0,1.2450965748154628,1.1131045963192432
2023-12-11 11:00:00,-0.23676123419548528,-1,0.0,1.2450965748154628,1.1133820401368701
2023-12-11 12:00:00,-0.05947633261822584,0,0.0009967605282831249,1.2463376379351394,1.1122722648663623
2023-12-11 13:00:00,-0.022257269308243233,0,0.0,1.2463376379351394,1.1123647461389046
2023-12-11 14:00:00,0.09544476666354468,0,-0.0,1.2463376379351394,1.10977527050772
2023-12-11 15:00:00,1.3009237974173322,1,0.0,1.2463376379351394,1.1130121150467007
2023-12-12 09:00:00,0.7094745528274076,1,0.012380556709597146,1.2617679917409008,1.126791824655505
2023-12-12 10:00:00,0.02226096990519333,0,0.0015594221930399499,1.263735620749689,1.1285489688338088
2023-12-12 11:00:00,-0.1943249942055059,-1,-0.0,1.263735620749689,1.124109867751778
2023-12-12 12:00:00,-0.14918663229356402,0,0.0018099547511312153,1.2660229250406387,1.1220752797558473
2023-12-12 13:00:00,-0.10153529556381978,0,0.0,1.2660229250406387,1.1250346804772013
2023-12-12 14:00:00,-0.044544078877722805,0,0.0,1.2660229250406387,1.1267918246555053
2023-12-12 15:00:00,0.93447789336772,1,0.0,1.2660229250406387,1.1314158882826209
2023-12-13 09:00:00,0.34571559802716567,0,-0.0031878371750858614,1.2619870500956833,1.1278091186534707
2023-12-13 10:00:00,0.020448518239668378,0,-0.0,1.2619870500956833,1.1211504670304242
2023-12-13 11:00:00,-0.2291386653335074,-1,-0.0,1.2619870500956833,1.1204106168500858
2023-12-13 12:00:00,-0.15306984336141985,0,0.0009079653322328074,1.263132890586897,1.1193933228521205
2023-12-13 13:00:00,-0.13918018134167132,0,0.0,1.263132890586897,1.1194858041246627
2023-12-13 14:00:00,0.019297896334321416,0,0.0,1.263132890586897,1.1242023490243207
2023-12-13 15:00:00,2.047686423315287,1,-0.0,1.263132890586897,1.1207805419402552
2023-12-14 09:00:00,0.8908329204640704,1,-0.004043237890915097,1.258025743822415,1.116248959585682
2023-12-14 10:00:00,0.37211916038819204,0,0.001657000828500399,1.2601102935222035,1.1180985850365281
2023-12-14 11:00:00,-0.1755373745707641,0,0.0,1.2601102935222035,1.1276241561083862
2023-12-14 12:00:00,-0.08853361048442132,0,-0.0,1.2601102935222035,1.12697678720059
2023-12-14 13:00:00,0.17428245748609567,0,-0.0,1.2601102935222035,1.1195782853972052
2023-12-14 14:00:00,0.2344371879717021,0,0.0,1.2601102935222035,1.1230925737538129
2023-12-14 15:00:00,1.2744818589124736,1,-0.0,1.2601102935222035,1.1223527235734743
2023-12-15 09:00:00,10.884484673318589,1,0.005850362557679567,1.2674823956019725,1.1289188939239783
2023-12-15 10:00:00,0.06737071606157208,0,0.004014090276071247,1.2725701843612498,1.1334504762785516
2023-12-15 11:00:00,-0.24546176522921018,-1,-0.0,1.2725701843612498,1.1320632571904168
2023-12-15 12:00:00,-0.1849417963144793,-1,-0.0026958581815210714,1.2691395156181797,1.135115139184313
2023-12-15 13:00:00,-0.12399423634767999,0,0.003421867361903197,1.273482342704375,1.1312309257375361
2023-12-15 14:00:00,-0.15708292921549996,0,0.0,1.273482342704375,1.131508369555163
2023-12-15 15:00:00,1.6582738862696527,1,0.0,1.273482342704375,1.1393692777212596
2023-12-18 09:00:00,0.009451867358059252,0,0.0024350649350648457,1.2765833549025187,1.1421437158975287
2023-12-18 10:00:00,-0.1297558585246443,0,0.0,1.2765833549025187,1.1430685286229518
2023-12-18 11:00:00,-0.2648178177231081,-1,-0.0,1.2765833549025187,1.140756496809394
2023-12-18 12:00:00,-0.2859287640091639,-1,-0.0015403323875153863,1.2746169922155994,1.1425136409876981
2023-12-18 13:00:00,-0.15648695414397196,0,-8.094544277148508e-05,1.2745138177788005,1.1426061222602404
2023-12-18 14:00:00,-0.025757510921738967,0,-0.0,1.2745138177788005,1.1414038657171903
2023-12-18 15:00:00,0.5546552244545814,1,0.0,1.2745138177788005,1.1432534911680368
2023-12-19 09:00:00,0.45719853418719175,1,0.008574664293803602,1.2854423459040676,1.1530565060575217
2023-12-19 10:00:00,0.3265163864726546,0,0.007619505935194004,1.2952367814880332,1.1618422269490412
2023-12-19 11:00:00,-0.2582354863480117,-1,-0.0,1.2952367814880332,1.1608249329510758
2023-12-19 12:00:00,-0.18153984509542617,-1,-0.0022307202039515417,1.2923474706306668,1.1634144085822604
2023-12-19 13:00:00,-0.030053348866428825,0,0.0011128775834657878,1.2937856951607805,1.1621196707666681
2023-12-19 14:00:00,0.0805980844567987,0,0.0,1.2937856951607805,1.1636918523998874
2023-12-19 15:00:00,2.1474945244458796,1,0.0,1.2937856951607805,1.1647091463978527
2023-12-20 09:00:00,0.2921342701419392,0,-0.00031761156106080435,1.2933747738664623,1.1643392213076835
2023-12-20 10:00:00,0.228448056816361,0,-0.0,1.2933747738664623,1.1634144085822602
2023-12-20 11:00:00,-0.19454433624003667,-1,-0.0,1.2933747738664623,1.1580504947748063
2023-12-20 12:00:00,-0.23989821074320755,-1,-0.0007187350263535563,1.2924451801142822,1.158882826227687
2023-12-20 13:00:00,-0.15107213308382417,0,0.002473864815258131,1.295642514771017,1.1560159067788753
2023-12-20 14:00:00,0.4309319932953407,0,-0.0,1.295642514771017,1.1476001109775251
2023-12-20 15:00:00,1.8027247930932588,1,-0.0,1.295642514771017,1.141033940627021
2023-12-21 09:00:00,0.3089369643761876,0,0.015237477711136371,1.315384838711441,1.1584204198649752
2023-12-21 10:00:00,0.10110476921785684,0,0.0,1.315384838711441,1.1599926014981945
2023-12-21 11:00:00,-0.20500660303616985,-1,0.0,1.315384838711441,1.1638768149449714
2023-12-21 12:00:00,-0.1264141867894628,0,0.003257846642828688,1.319670160792265,1.1600850827707367
2023-12-21 13:00:00,-0.19352195602344346,-1,0.0,1.319670160792265,1.1657264403958176
2023-12-21 14:00:00,-0.12821060160857203,0,-0.0016660055533519458,1.3174715829757921,1.1676685471192063
2023-12-21 15:00:00,2.1260186563005536,1,0.0,1.3174715829757921,1.1737723111069986
2023-12-22 09:00:00,0.4180134821962706,0,0.0046485975417587255,1.3235959781377504,1.179228706186995
2023-12-22 10:00:00,-0.12345701176870505,0,-0.0,1.3235959781377504,1.1716452418385255
2023-12-22 11:00:00,-0.24830186271947716,-1,0.0,1.3235959781377504,1.1752520114676754
2023-12-22 12:00:00,-0.2304191244651066,-1,-0.0010229776518728695,1.3222419690320066,1.1764542680107255
2023-12-22 13:00:00,-0.13962856542072796,0,0.0014935932709692068,1.324216860739546,1.1746971238324218
2023-12-22 14:00:00,-0.1810288429208065,-1,-0.0,1.324216860739546,1.172015166928695
2023-12-22 15:00:00,0.8264993448370451,1,7.890791446385492e-05,1.3243213519303247,1.1719226856561527
2023-12-26 09:00:00,0.21088994986221904,0,0.003945707070706961,1.3295467360525244,1.176546749283268
2023-12-26 10:00:00,-0.034892104709611224,0,0.0,1.3295467360525244,1.180430962730045
2023-12-26 11:00:00,-0.266694635575394,-1,-0.0,1.3295467360525244,1.1787662998242834
2023-12-26 12:00:00,-0.24641315324920574,-1,0.00023536795857515003,1.3298596687536193,1.1784888560066566
2023-12-26 13:00:00,-0.2074633900924991,-1,-0.0005493211959506361,1.329129148649933,1.1791362249144528
2023-12-26 14:00:00,-0.1192824075298415,0,-0.0006274509803920747,1.3282951852625449,1.1798760750947912
2023-12-26 15:00:00,1.3494640607900088,1,-0.0,1.3282951852625449,1.1787662998242836
2023-12-27 09:00:00,0.5764783043869945,1,0.004864271143888432,1.3347563732027834,1.184500138721907
2023-12-27 10:00:00,0.2798801017227287,0,-0.0002342286071205235,1.334443735076643,1.18422269490428
2023-12-27 11:00:00,-0.2096716480309929,-1,0.0,1.334443735076643,1.185517432719872
2023-12-27 12:00:00,0.12617123418855186,0,-0.0003900460254311344,1.3339232406016148,1.1859798390825838
2023-12-27 13:00:00,0.3612980601693177,0,-0.0,1.3339232406016148,1.1842226949042798
2023-12-27 14:00:00,0.397012460890666,0,-0.0,1.3339232406016148,1.1834828447239412
2023-12-27 15:00:00,2.736984386673048,1,0.0,1.3339232406016148,1.185609913992414
2023-12-28 09:00:00,0.8116773954355959,1,-0.002028081123244818,1.3312179360574932,1.1832054009063142
2023-12-28 10:00:00,0.12276058083165794,0,0.0028138189776458766,1.3349637423493543,1.1865347267178374
2023-12-28 11:00:00,-0.17922557944746123,0,-0.0,1.3349637423493543,1.185609913992414
2023-12-28 12:00:00,-0.21006840031188595,-1,0.0,1.3349637423493543,1.1878757051697006
2023-12-28 13:00:00,-0.15132190247006075,0,-0.0018295768616918284,1.3325213235751545,1.190049015074445
2023-12-28 14:00:00,0.15935009528141122,0,0.0,1.3325213235751545,1.1940719504300354
2023-12-28 15:00:00,0.7664777045330448,1,-0.0,1.3325213235751545,1.1869046518080064
2023-12-29 09:00:00,0.10608229415853489,0,-0.0010908524232509098,1.331067739460299,1.1856099139924139
2023-12-29 10:00:00,-0.06563656235718916,0,0.0,1.331067739460299,1.1856099139924139
2023-12-29 11:00:00,-0.19040375254017414,-1,-0.0,1.331067739460299,1.1783963747341137
2023-12-29 12:00:00,-0.12581890218961417,0,7.848061528803463e-05,1.331172202475482,1.1783038934615715
2023-12-29 13:00:00,0.07273662563755272,0,-0.0,1.331172202475482,1.1777490058263176
2023-12-29 14:00:00,0.11189550075180334,0,0.0,1.331172202475482,1.1804309627300447
2023-12-29 15:00:00,2.4593298399987913,1,0.0,1.331172202475482,1.1804309627300447
